participant.label,round 1_contribute,round 2_contribute,round 3_contribute,round 4_contribute,round 5_contribute,round 6_contribute,round 7_contribute,round 8_contribute,round 9_contribute,round 10_contribute,round 1_mpcr,round 2_mpcr,round 3_mpcr,round 4_mpcr,round 5_mpcr,round 6_mpcr,round 7_mpcr,round 8_mpcr,round 9_mpcr,round 10_mpcr,round 1_payoff,round 2_payoff,round 3_payoff,round 4_payoff,round 5_payoff,round 6_payoff,round 7_payoff,round 8_payoff,round 9_payoff,round 10_payoff,round 1_total_contribution,round 2_total_contribution,round 3_total_contribution,round 4_total_contribution,round 5_total_contribution,round 6_total_contribution,round 7_total_contribution,round 8_total_contribution,round 9_total_contribution,round 10_total_contribution,round 1_id_subsession,round 2_id_subsession,round 3_id_subsession,round 4_id_subsession,round 5_id_subsession,round 6_id_subsession,round 7_id_subsession,round 8_id_subsession,round 9_id_subsession,round 10_id_subsession,alpha_med,beta_med,gender,age,affiliation,group_type,round 1_max_contribute,round 1_max_payoff,round 2_max_contribute,round 2_max_payoff,round 3_max_contribute,round 3_max_payoff,round 4_max_contribute,round 4_max_payoff,round 5_max_contribute,round 5_max_payoff,round 6_max_contribute,round 6_max_payoff,round 7_max_contribute,round 7_max_payoff,round 8_max_contribute,round 8_max_payoff,round 9_max_contribute,round 9_max_payoff,round 10_max_contribute,round 10_max_payoff,round 1_max_c_and_p,round 2_max_c_and_p,round 3_max_c_and_p,round 4_max_c_and_p,round 5_max_c_and_p,round 6_max_c_and_p,round 7_max_c_and_p,round 8_max_c_and_p,round 9_max_c_and_p,round 10_max_c_and_p
baseSUB01,0,0,0,0,0,0,0,0,0,0,0.6,0.6,0.6,0.6,0.6,0.6,0.6,0.6,0.6,0.6,11.8,11.8,11.2,10.6,10.6,11.2,10,11.2,10,11.8,3,3,2,1,1,2,0,2,0,3,3,5,2,4,1,2,2,7,2,6,-0.0215,0.0555,2,23,10,base,0,1,0,1,0,1,0,1,0,1,0,1,1,1,0,1,1,1,0,1,0,0,0,0,0,0,1,0,1,0
baseSUB02,4,3,3,3,2,1,0,0,0,0,0.6,0.6,0.6,0.6,0.6,0.6,0.6,0.6,0.6,0.6,10.2,14.8,13,11.8,12.8,9.6,10,10,10,11.2,7,13,10,8,8,1,0,0,0,2,1,2,8,6,6,5,4,4,8,5,-0.0215,0.0555,1,22,12,base,1,0,0,0,0,0,1,0,0,0,1,0,1,1,1,1,1,1,0,1,0,0,0,0,0,0,1,1,1,0
baseSUB03,0,0,1,2,0,0,1,0,0,0,0.6,0.6,0.6,0.6,0.6,0.6,0.6,0.6,0.6,0.6,13,12.4,12.6,12.2,10,11.2,9.6,10,10.6,11.2,5,4,6,7,0,2,1,0,1,2,4,8,4,7,7,7,6,5,5,5,-0.0215,0.2365,0,23,10,base,0,1,0,1,0,1,0,0,1,1,0,1,1,0,1,1,0,1,0,1,0,0,0,0,1,0,0,1,0,0
baseSUB04,3,3,2,2,1,0,0,0,0,10,0.6,0.6,0.6,0.6,0.6,0.6,0.6,0.6,0.6,0.6,17.2,15.4,12.8,12.8,9.6,10,10,10,16,7.2,17,14,8,8,1,0,0,0,10,12,7,1,1,6,1,1,2,1,7,7,-0.0215,0.0555,0,25,22,base,0,1,0,0,0,0,0,1,1,0,1,1,1,1,1,1,0,1,1,0,0,0,0,0,0,1,1,1,0,0
baseSUB05,8,7,5,5,7,0,2,0,1,2,0.6,0.6,0.6,0.6,0.6,0.6,0.6,0.6,0.6,0.6,12.2,12.6,11,15.2,7.2,10,9.2,10,9.6,15.2,17,16,10,17,7,0,2,0,1,12,7,7,8,1,4,6,3,3,5,7,0.024,0.0555,0,24,22,base,1,0,1,0,1,0,0,0,1,0,1,1,1,0,1,1,1,0,0,0,0,0,0,0,0,1,0,1,0,0
baseSUB06,10,10,10,10,5,0,0,0,0,0,0.6,0.6,0.6,0.6,0.6,0.6,0.6,0.6,0.6,0.6,9,6,7.8,10.2,9.2,10,10.6,11.2,11.2,10,15,10,13,17,7,0,1,2,2,0,6,6,3,1,8,1,5,7,4,3,-0.0215,0.0555,1,20,5,base,1,0,1,0,1,0,1,0,1,0,1,1,0,1,0,1,0,1,1,1,0,0,0,0,0,1,0,0,0,1
baseSUB07,5,3,5,0,0,0,0,0,0,0,0.6,0.6,0.6,0.6,0.6,0.6,0.6,0.6,0.6,0.6,14,8.8,9.8,11.2,20.8,11.8,10.6,10,10.6,10,15,3,8,2,18,3,1,0,1,0,6,5,1,3,5,4,1,5,5,4,-0.0215,0.0555,0,25,22,base,0,0,1,0,1,0,0,1,0,1,0,1,0,1,1,1,0,1,1,1,0,0,0,0,0,0,0,1,0,1
baseSUB08,0,0,2,3,0,0,0,0,0,0,0.6,0.6,0.6,0.6,0.6,0.6,0.6,0.6,0.6,0.6,19,17.8,14,14.8,12.4,10,10.6,10,10,10,15,13,10,13,4,0,1,0,0,0,6,2,8,2,2,6,6,5,2,4,0.024,-0.0715,0,22,27,base,0,1,0,1,0,1,0,0,0,1,1,1,0,1,1,1,1,1,1,1,0,0,0,0,0,1,0,1,1,1
baseSUB09,0,0,0,0,0,0,0,0,0,0,0.6,0.6,0.6,0.6,0.6,0.6,0.6,0.6,0.6,0.6,14.2,16,17.8,12.4,13,12.4,10,10,10,10,7,10,13,4,5,4,0,0,0,0,1,6,7,5,3,3,7,3,8,4,-0.0215,0.0555,0,22,10,base,0,1,0,1,0,1,0,1,0,1,0,1,1,1,1,1,1,1,1,1,0,0,0,0,0,0,1,1,1,1
baseSUB10,3,0,0,0,0,0,0,0,0,0,0.6,0.6,0.6,0.6,0.6,0.6,0.6,0.6,0.6,0.6,8.8,16,17.8,11.2,14.8,11.2,10,10,11.2,10,3,10,13,2,8,2,0,0,2,0,3,6,3,3,6,7,7,4,6,1,-0.0215,0.0555,1,23,22,base,1,0,0,1,0,1,0,1,0,1,0,1,1,1,1,1,0,1,1,1,0,0,0,0,0,0,1,1,0,1
baseSUB11,3,2,1,3,0,2,1,0,0,0,0.6,0.6,0.6,0.6,0.6,0.6,0.6,0.6,0.6,0.6,13.6,10.4,11.4,11.8,14.2,10.4,9.6,10,10,16,11,4,4,8,7,4,1,0,0,10,2,8,6,8,4,3,1,1,3,8,-0.0215,0.0555,1,22,28,base,0,0,1,0,0,0,0,0,0,1,1,0,1,0,1,1,1,1,0,1,0,0,0,0,0,0,0,1,1,0
baseSUB12,4,3,3,2,0,0,0,0,0,0,0.6,0.6,0.6,0.6,0.6,0.6,0.6,0.6,0.6,0.6,11.4,13.6,10.6,9.2,10,10,10.6,10,16,10,9,11,6,2,0,0,1,0,10,0,5,4,5,3,7,6,5,4,7,1,0.024,0.0555,1,22,12,base,0,0,0,1,1,0,1,0,1,1,1,1,0,1,1,1,0,1,1,1,0,0,0,0,1,1,0,1,0,1
baseSUB13,0,0,0,0,0,0,0,0,0,0,0.6,0.6,0.6,0.6,0.6,0.6,0.6,0.6,0.6,0.6,11.8,11.8,13.6,17.8,10,11.2,10,14.8,11.2,10,3,3,6,13,0,2,0,8,2,0,3,5,5,2,7,2,4,8,6,1,-0.0215,0.0555,0,19,10,base,0,1,0,1,0,1,0,1,1,1,0,1,1,1,0,1,0,1,1,1,0,0,0,0,1,0,1,0,0,1
baseSUB14,8,5,3,5,0,0,1,0,0,0,0.6,0.6,0.6,0.6,0.6,0.6,0.6,0.6,0.6,0.6,8.6,11.6,14.8,9.2,14.2,16,9.6,10,10,10,11,11,13,7,7,10,1,0,0,0,2,4,7,7,4,8,5,2,2,3,-0.313,0.85,0,21,10,base,1,0,1,0,0,0,1,0,0,1,0,1,1,0,1,1,1,1,1,1,0,0,0,0,0,0,0,1,1,1
baseSUB15,2,2,2,2,2,2,2,2,2,2,0.6,0.6,0.6,0.6,0.6,0.6,0.6,0.6,0.6,0.6,11,10.4,9.2,18.2,12.2,9.2,20,9.2,9.2,9.2,5,4,2,17,7,2,20,2,2,2,4,8,2,1,8,7,8,7,6,5,-0.0215,0.0555,0,20,10,base,0,0,1,0,1,0,0,1,0,0,1,0,0,1,1,0,1,0,1,0,0,0,0,0,0,0,0,0,0,0
baseSUB16,3,3,3,1,0,2,0,0,0,3,0.6,0.6,0.6,0.6,0.6,0.6,0.6,0.6,0.6,0.6,17.8,13.6,9.4,9.6,12.4,9.2,11.2,10,14.8,8.8,18,11,4,1,4,2,2,0,8,3,8,4,6,4,2,2,3,1,1,6,0.024,0.2365,1,22,12,base,0,1,0,1,1,0,1,0,0,1,1,0,0,1,1,1,0,1,1,0,0,0,0,0,0,0,0,1,0,0
baseSUB17,10,10,10,10,10,10,10,10,10,10,0.6,0.6,0.6,0.6,0.6,0.6,0.6,0.6,0.6,0.6,10.8,7.8,7.8,7.8,10.8,6,12,6,6,6,18,13,13,13,18,10,20,10,10,10,8,2,7,2,5,8,8,6,7,8,-0.0215,0.5145,1,19,6,base,1,0,1,0,1,0,1,0,1,0,1,0,1,0,1,0,1,0,1,0,0,0,0,0,0,0,0,0,0,0
baseSUB18,5,8,3,5,8,2,8,8,8,8,0.6,0.6,0.6,0.6,0.6,0.6,0.6,0.6,0.6,0.6,10.4,9.8,14.8,9.8,12.8,10.4,14,6.8,6.8,9.2,9,13,13,8,18,4,20,8,8,12,5,3,3,8,5,3,8,8,1,2,0.024,0.0555,0,27,29,base,1,0,1,0,0,0,1,0,0,0,1,0,0,0,1,0,1,0,1,0,0,0,0,0,0,0,0,0,0,0
baseSUB19,0,4,3,0,0,0,0,0,0,0,0.6,0.6,0.6,0.6,0.6,0.6,0.6,0.6,0.6,0.6,15.4,13.8,10.6,14.2,14.2,11.8,10,16,10,11.8,9,13,6,7,7,3,0,10,0,3,5,3,4,7,8,4,4,6,8,6,-0.0215,0.0555,0,23,10,base,0,1,0,0,1,0,0,1,0,1,0,1,1,1,0,1,1,1,0,1,0,0,0,0,0,0,1,0,1,0
baseSUB20,5,1,1,4,4,0,0,0,0,4,0.6,0.6,0.6,0.6,0.6,0.6,0.6,0.6,0.6,0.6,15.8,16.8,13.8,8.4,8.4,10,10.6,10,11.2,13.2,18,13,8,4,4,0,1,0,2,12,8,3,1,5,2,1,6,3,4,2,0.024,0.0555,0,20,10,base,0,0,0,1,0,1,1,0,1,0,1,1,0,1,1,1,0,1,0,0,0,0,0,0,0,1,0,1,0,0
baseSUB21,3,3,3,0,3,3,0,0,0,0,0.6,0.6,0.6,0.6,0.6,0.6,0.6,0.6,0.6,0.6,10,16.6,10.6,14.8,10,8.8,10,10,14.8,17.2,5,16,6,8,5,3,0,0,8,12,4,7,5,8,3,4,7,2,1,2,-0.0215,0.0555,1,21,10,base,1,0,0,1,1,0,0,1,1,0,1,0,1,1,1,1,0,1,0,1,0,0,0,0,0,0,1,1,0,0
baseSUB22,0,10,0,0,2,0,0,0,0,0,0.6,0.6,0.6,0.6,0.6,0.6,0.6,0.6,0.6,0.6,16.6,8.4,11.2,12.4,11,10.6,11.2,10,10,16,11,14,2,4,5,1,2,0,0,10,2,1,2,5,3,5,3,2,3,8,-0.0215,0.0555,0,23,22,base,0,1,1,0,0,1,0,1,0,0,0,1,0,1,1,1,1,1,0,1,0,0,0,0,0,0,0,1,1,0
baseSUB23,6,6,2,3,6,0,0,0,2,0,0.6,0.6,0.6,0.6,0.6,0.6,0.6,0.6,0.6,0.6,14.2,13.6,11.6,11.8,8.8,10.6,10.6,16,9.2,17.2,17,16,6,8,8,1,1,10,2,12,7,7,4,6,6,5,1,6,4,7,-0.0215,0.0555,1,20,6,base,0,0,0,0,0,0,1,0,1,0,0,1,0,1,0,1,1,0,0,1,0,0,0,0,0,0,0,0,0,0
baseSUB24,3,1,0,0,0,0,0,0,0,0,0.6,0.6,0.6,0.6,0.6,0.6,0.6,0.6,0.6,0.6,11.2,17.4,12.4,10.6,10.6,16,10,14.8,10,10,7,14,4,1,1,10,0,8,0,0,1,1,6,4,1,8,2,8,3,3,-0.0215,0.0555,0,22,22,base,0,0,0,1,0,1,0,1,0,1,0,1,1,1,0,1,1,1,1,1,0,0,0,0,0,0,1,0,1,1
basesub25,10,6,2,5,5,2,1,1,0,0,0.6,0.6,0.6,0.6,0.6,0.6,0.6,0.6,0.6,0.6,9,13,17.6,15.2,9.2,13.4,12.6,11.4,11.8,10.6,15,15,16,17,7,9,6,4,3,1,13,9,16,10,10,16,12,10,9,13,-0.0215,-0.0715,1,21,10,base,1,0,0,0,0,1,0,1,1,0,0,1,0,0,0,1,0,1,0,1,0,0,0,0,0,0,0,0,0,0
basesub26,4,0,0,0,0,0,0,0,0,0,0.6,0.6,0.6,0.6,0.6,0.6,0.6,0.6,0.6,0.6,10.2,17.2,11.8,14.8,11.2,14.2,10,11.2,10,10.6,7,12,3,8,2,7,0,2,0,1,9,14,12,15,11,12,10,12,11,13,-0.0215,0.0555,0,24,22,base,1,0,0,1,0,1,0,1,0,1,0,1,1,1,0,1,1,1,0,1,0,0,0,0,0,0,1,0,1,0
basesub27,4,10,3,0,1,0,1,2,0,1,0.6,0.6,0.6,0.6,0.6,0.6,0.6,0.6,0.6,0.6,20.4,7.2,8.8,14.8,10.2,10,13.2,12.2,11.8,9.6,24,12,3,8,2,0,7,7,3,1,16,11,12,15,11,13,13,16,9,15,0.024,0.85,1,23,22,base,0,1,1,0,1,0,0,1,1,0,1,1,0,1,0,0,0,1,1,0,0,0,0,0,0,1,0,0,0,0
basesub28,5,5,6,3,0,0,3,0,0,0,0.6,0.6,0.6,0.6,0.6,0.6,0.6,0.6,0.6,0.6,14,12.2,14.2,11.2,16.6,10,10,10.6,10,16,15,12,17,7,11,0,5,1,0,10,13,14,11,12,14,13,16,9,16,14,-0.0215,0.303,0,23,12,base,0,0,0,0,0,0,1,0,0,1,1,1,1,0,0,1,1,1,0,1,0,0,0,0,0,1,0,0,1,0
basesub29,3,1,6,1,0,3,0,6,1,1,0.6,0.6,0.6,0.6,0.6,0.6,0.6,0.6,0.6,0.6,11.2,18,14.8,13.2,17.2,13.6,10.6,7.6,15.6,9.6,7,15,18,7,12,11,1,6,11,1,9,9,9,16,15,10,9,13,13,13,-0.313,0.5895,1,24,29,base,0,0,0,1,0,0,0,1,0,1,0,0,0,1,1,0,0,0,1,0,0,0,0,0,0,0,0,0,0,0
basesub30,10,10,10,10,10,10,0,0,0,0,0.6,0.6,0.6,0.6,0.6,0.6,0.6,0.6,0.6,0.6,7.8,12.6,9.6,9.6,6.6,6,10,16,11.2,13,13,21,16,16,11,10,0,10,2,5,15,13,16,9,16,15,10,14,14,16,0.024,0.85,0,21,4,base,1,0,1,0,1,0,1,0,1,0,1,0,1,1,0,1,0,1,0,1,0,0,0,0,0,0,1,0,0,0
basesub31,10,8,5,5,3,0,0,0,0,0,0.6,0.6,0.6,0.6,0.6,0.6,0.6,0.6,0.6,0.6,10.8,11,17.6,9.2,10,16,10,16.6,10,10,18,15,21,7,5,10,0,11,0,0,12,9,10,16,12,15,10,15,10,12,0.024,0.0555,0,21,10,base,1,0,1,0,0,1,1,0,1,0,0,1,1,1,0,1,1,1,1,1,0,0,0,0,0,0,1,0,1,1
basesub32,0,0,0,0,0,0,0,0,0,0,0.6,0.6,0.6,0.6,0.6,0.6,0.6,0.6,0.6,0.6,14.2,17.2,11.8,16,17.8,16,11.2,13.6,10,16,7,12,3,10,13,10,2,6,0,10,9,11,12,13,9,11,14,13,11,9,0.024,0.0555,0,23,3,base,0,1,0,1,0,1,0,1,0,1,0,1,0,1,0,1,1,1,0,1,0,0,0,0,0,0,0,0,1,0
basesub33,2,2,1,1,1,2,1,1,1,1,0.6,0.6,0.6,0.6,0.6,0.6,0.6,0.6,0.6,0.6,15.8,15.2,17.4,13.2,10.2,12.2,13.2,11.4,10.2,9.6,13,12,14,7,2,7,7,4,2,1,10,11,13,12,11,12,13,11,14,10,0.129,-0.0715,1,21,12,base,0,1,0,0,0,1,0,1,1,0,0,0,0,1,0,0,1,0,1,0,0,0,0,0,0,0,0,0,0,0
basesub34,10,10,10,10,10,10,10,10,10,10,0.6,0.6,0.6,0.6,0.6,0.6,0.6,0.6,0.6,0.6,14.4,12.6,12.6,6,11.4,12,6.6,6,6.6,6,24,21,21,10,19,20,11,10,11,10,16,13,10,13,13,9,11,14,13,14,-0.313,0.4835,0,21,3,base,1,0,1,0,1,0,1,0,1,0,1,0,1,0,1,0,1,0,1,0,0,0,0,0,0,0,0,0,0,0
basesub35,5,5,6,5,5,5,1,0,0,0,0.6,0.6,0.6,0.6,0.6,0.6,0.6,0.6,0.6,0.6,14.6,17,12.4,15.2,12.2,10.4,9.6,14.2,10,10,16,20,14,17,12,9,1,7,0,0,11,16,13,11,15,16,9,16,15,11,-0.0215,0.0555,0,21,10,base,0,1,0,1,0,0,0,1,0,0,1,0,1,0,0,1,1,1,1,1,0,0,0,0,0,0,0,0,1,1
basesub36,5,1,6,7,7,5,0,5,0,0,0.6,0.6,0.6,0.6,0.6,0.6,0.6,0.6,0.6,0.6,12.8,21.6,16.6,9.6,10.2,11,11.2,9.2,16.6,10,13,21,21,11,12,10,2,7,11,0,10,13,10,14,15,14,14,16,13,12,-0.0215,0.0555,0,21,10,base,0,0,0,1,0,0,1,0,1,0,1,0,0,1,1,0,0,1,1,1,0,0,0,0,0,0,0,0,0,1
basesub37,0,10,10,0,6,0,0,0,0,0,0.6,0.6,0.6,0.6,0.6,0.6,0.6,0.6,0.6,0.6,19,15.6,13.2,19.6,11.8,10,10.6,12.4,10,16,15,26,22,16,13,0,1,4,0,10,13,15,14,9,9,13,9,11,16,9,-0.313,0.303,0,20,11,base,0,1,1,0,1,0,0,1,0,0,1,1,0,1,0,1,1,1,0,1,0,0,0,0,0,1,0,0,1,0
basesub38,10,5,4,3,1,4,2,3,0,0,0.6,0.6,0.6,0.6,0.6,0.6,0.6,0.6,0.6,0.6,14.4,12.8,15.6,11.2,13.2,18,11,9.4,10,13,24,13,16,7,7,20,5,4,0,5,16,12,16,12,10,9,16,11,16,16,-0.0215,0.0555,0,23,22,base,1,0,1,0,0,0,1,0,0,1,0,1,0,0,1,0,1,1,0,1,0,0,0,0,0,0,0,0,1,0
basesub39,5,7,0,5,5,0,5,0,0,5,0.6,0.6,0.6,0.6,0.6,0.6,0.6,0.6,0.6,0.6,14.6,10.2,13.6,15.2,11.6,16.6,8.6,16,10,8,16,12,6,17,11,11,6,10,0,5,11,14,15,11,14,10,12,14,10,16,-0.0215,0.0555,1,20,10,base,0,1,1,0,0,1,0,1,0,0,0,1,1,0,0,1,1,1,1,0,0,0,0,0,0,0,0,0,1,0
basesub40,4,6,7,4,0,8,1,2,1,0,0.6,0.6,0.6,0.6,0.6,0.6,0.6,0.6,0.6,0.6,13.8,19.6,11.4,12.6,16.6,8.6,15.6,9.2,10.2,10,13,26,14,11,11,11,11,2,2,0,14,15,13,14,16,10,11,12,14,12,0.024,0.70194,1,22,10,base,0,1,0,1,1,0,0,0,0,1,1,0,0,0,1,0,1,0,1,1,0,0,0,0,0,0,0,0,0,1
basesub41,3,5,3,6,3,5,0,1,0,0,0.6,0.6,0.6,0.6,0.6,0.6,0.6,0.6,0.6,0.6,17.8,12.8,17.2,13.6,18.4,9.2,13.6,9.6,10,10.6,18,13,17,16,19,7,6,1,0,1,12,12,11,9,13,12,12,9,11,10,0.129,0.4835,1,23,29,base,0,1,1,0,0,1,0,0,0,1,1,0,0,1,1,0,1,1,0,1,0,0,0,0,0,0,0,0,1,0
basesub42,1,2,0,0,0,0,0,0,0,0,0.6,0.6,0.6,0.6,0.6,0.6,0.6,0.6,0.6,0.6,16.8,14.6,13.6,16,13,16,16.6,13.6,10,10,13,11,6,10,5,10,11,6,0,0,15,10,15,13,12,15,11,13,15,11,-0.0215,0.0555,0,20,10,base,0,1,0,1,0,1,0,1,0,1,0,1,0,1,0,1,1,1,1,1,0,0,0,0,0,0,0,0,1,1
basesub43,2,2,2,1,1,0,0,0,0,0,0.6,0.6,0.6,0.6,0.6,0.6,0.6,0.6,0.6,0.6,15.8,14.6,18.8,13.2,15.6,16,15.4,10.6,10,16,13,11,18,7,11,10,9,1,0,10,15,10,9,16,16,14,15,9,15,14,0.024,0.0555,1,19,8,base,0,0,0,1,0,1,0,1,0,0,0,1,0,1,0,1,1,1,0,1,0,0,0,0,0,0,0,0,1,0
basesub44,5,10,10,0,7,10,2,0,0,0,0.6,0.6,0.6,0.6,0.6,0.6,0.6,0.6,0.6,0.6,12.8,15.6,13.2,16.6,10.8,6,9.2,11.2,11.2,10.6,13,26,22,11,13,10,2,2,2,1,14,15,14,14,9,11,14,12,12,15,0.024,0.0555,2,21,10,base,1,0,1,0,1,0,0,1,1,0,1,0,1,0,0,1,0,1,0,1,0,0,0,0,0,0,0,0,0,0
basesub45,4,3,2,7,1,2,1,2,0,0,0.6,0.6,0.6,0.6,0.6,0.6,0.6,0.6,0.6,0.6,13.8,14.8,21.2,13.2,13.2,13.4,14.4,10.4,10,10.6,13,13,22,17,7,9,9,4,0,1,14,12,14,11,10,16,15,10,10,15,0.024,0.0555,1,20,3,base,0,1,0,1,0,1,1,0,0,1,0,1,0,0,1,0,1,1,0,1,0,0,0,0,0,0,0,0,1,0
basesub46,6,7,6,7,6,5,5,1,0,0,0.6,0.6,0.6,0.6,0.6,0.6,0.6,0.6,0.6,0.6,11.8,9.6,7.6,13.2,15.4,11,9.2,11.4,11.2,10,13,11,6,17,19,10,7,4,2,0,10,10,15,10,13,14,13,10,12,11,-0.2785,0.5145,0,26,16,base,1,0,1,0,1,0,1,0,0,0,1,0,1,0,0,1,0,1,1,1,0,0,0,0,0,0,0,0,0,1
basesub47,6,10,8,8,6,6,8,8,2,10,0.6,0.6,0.6,0.6,0.6,0.6,0.6,0.6,0.6,0.6,13.6,12,12.2,6.8,10.6,16,7.4,8.6,9.2,6,16,20,17,8,11,20,9,11,2,10,11,16,11,15,14,9,15,15,12,9,-0.3015,-5,0,24,22,base,1,0,1,0,1,0,1,0,1,0,0,0,1,0,1,0,1,0,1,0,0,0,0,0,0,0,0,0,0,0
basesub48,5,5,10,5,2,0,0,3,3,0,0.6,0.6,0.6,0.6,0.6,0.6,0.6,0.6,0.6,0.6,15.8,17,10.8,15.2,11,16,13,13.6,8.8,10.6,18,20,18,17,5,10,5,11,3,1,12,16,9,10,12,11,16,15,9,10,-0.0215,0.0555,0,22,22,base,0,0,0,1,1,0,0,1,0,0,0,1,0,1,0,0,1,0,0,1,0,0,0,0,0,0,0,0,0,0
015SUB01,0,1,0,1,2,0,1,0,0,0,0.45,0.525,0.45,0.6,0.75,0.525,0.75,0.6,0.45,0.525,16.75,15.3,11.35,10.8,9.5,10.525,9.75,10,10.9,10.525,15,12,3,3,2,1,1,0,2,1,5,5,6,7,2,6,4,1,1,1,0.129,0.0555,0,23,10,015,0,1,0,1,0,1,1,1,1,0,0,1,1,0,1,1,0,1,0,1,0,0,0,1,0,0,0,1,0,0
015SUB02,8,2,2,2,2,10,0,0,0,0,0.75,0.6,0.6,0.6,0.75,0.675,0.525,0.525,0.6,0.525,10.25,15.2,12.2,15.2,9.5,13.5,10.525,10.525,10,10.525,11,12,7,12,2,20,1,1,0,1,2,6,4,8,1,2,4,3,4,4,0.024,0.0555,0,24,22,015,1,0,0,0,0,0,0,0,1,0,1,0,0,1,0,1,1,1,0,1,0,0,0,0,0,0,0,0,1,0
015SUB03,10,1,2,1,1,10,10,0,0,1,0.675,0.525,0.75,0.6,0.525,0.675,0.75,0.525,0.6,0.75,14.175,15.3,10.25,10.8,11.1,13.5,7.5,10.525,10,9.75,21,12,3,3,4,20,10,1,0,1,8,5,6,7,7,2,1,5,2,4,-0.063,0.1555,1,24,22,015,1,0,0,1,1,0,1,1,0,1,1,0,1,0,0,1,1,1,1,0,0,0,0,1,0,0,0,0,1,0
015SUB04,10,1,1,1,0,0,0,0,0,0,0.675,0.45,0.6,0.6,0.525,0.45,0.6,0.6,0.6,0.6,14.175,12.6,13.2,10.8,15.25,12.7,10,10,10,10,21,8,7,3,10,6,0,0,0,0,8,2,3,7,3,3,8,1,6,6,-0.0215,0.0555,0,23,3,015,1,0,0,0,0,1,1,1,0,1,0,1,1,1,1,1,1,1,1,1,0,0,0,1,0,0,1,1,1,1
015SUB05,4,4,6,4,2,2,0,0,0,0,0.6,0.45,0.75,0.75,0.6,0.75,0.6,0.6,0.6,0.6,13.8,16.8,9.25,9.75,15.2,9.5,10,10,10,10,13,24,7,5,12,2,0,0,0,0,7,1,3,4,6,5,3,6,2,7,-0.0215,-0.0715,0,21,10,015,0,0,0,1,1,0,1,0,0,0,1,0,1,1,1,1,1,1,1,1,0,0,0,0,0,0,1,1,1,1
015SUB06,0,0,0,0,0,0,0,0,0,0,0.45,0.45,0.45,0.6,0.525,0.525,0.6,0.525,0.6,0.525,19,15.4,17.65,10,11.05,11.05,10,10.525,10,10.525,20,12,17,0,2,2,0,1,0,1,6,4,8,3,1,5,8,3,3,8,-0.0215,0.0555,0,19,5,015,0,1,0,1,0,1,1,1,0,1,0,1,1,1,0,1,1,1,0,1,0,0,0,1,0,0,1,0,1,0
015SUB07,0,0,0,0,0,0,0,0,0,0,0.45,0.6,0.45,0.45,0.45,0.525,0.45,0.525,0.6,0.6,14.95,10,14.5,12.25,15.4,15.25,14.95,10.525,10,10,11,0,10,5,12,10,11,1,0,0,2,3,5,4,6,8,5,4,4,3,-0.0215,0.0555,0,23,27,015,0,1,1,1,0,1,0,1,0,1,0,1,0,0,0,1,1,1,1,1,0,1,0,0,0,0,0,0,1,1
015SUB08,10,10,10,10,10,0,0,0,0,0,0.6,0.75,0.675,0.75,0.75,0.525,0.6,0.45,0.525,0.525,18,9,14.175,9.75,7.5,10.525,10,15.4,15.25,10.525,30,12,21,13,10,1,0,12,10,1,3,6,2,1,3,7,3,8,5,5,-0.0215,0.0555,0,22,10,015,1,1,1,0,1,0,1,0,1,0,0,1,1,1,0,1,0,1,0,1,1,0,0,0,0,0,1,0,0,0
015SUB09,10,10,10,2,2,2,2,2,0,0,0.75,0.75,0.75,0.6,0.75,0.6,0.6,0.6,0.6,0.525,14.25,9,12.75,15.8,11,15.8,11.6,15.2,10,15.25,19,12,17,13,4,13,6,12,0,10,1,5,8,1,7,4,7,8,7,2,-0.0215,0.0555,0,26,22,015,1,0,1,0,1,0,0,1,1,0,0,1,0,0,0,0,1,1,0,1,0,0,0,0,0,0,0,0,1,0
015SUB10,10,0,0,0,0,0,1,1,0,0,0.675,0.45,0.525,0.45,0.525,0.45,0.675,0.75,0.525,0.525,13.5,10.9,15.25,15.4,11.05,11.35,10.35,9.75,15.25,10.525,20,2,10,12,2,3,2,1,10,1,6,7,7,6,2,1,2,3,5,8,-0.0215,0.0555,0,24,22,015,1,0,0,1,0,1,0,1,0,1,0,1,1,0,1,0,0,1,0,1,0,0,0,0,0,0,0,0,0,0
015SUB11,0,0,0,0,0,0,0,0,0,0,0.45,0.6,0.45,0.45,0.45,0.45,0.525,0.6,0.6,0.525,18.55,10,13.15,15.4,15.4,19,15.25,10,10,10.525,19,0,7,12,12,20,10,0,0,1,1,3,3,5,4,2,1,6,6,4,-0.0215,0.0555,1,23,10,015,0,1,1,1,0,0,0,1,0,1,0,1,0,1,1,1,1,1,0,1,0,1,0,0,0,0,0,1,1,0
015SUB12,10,10,10,10,10,10,10,0,10,10,0.75,0.75,0.75,0.75,0.75,0.75,0.75,0.525,0.75,0.75,11.25,9,7.5,9,8.25,7.5,8.25,14.725,7.5,7.5,15,12,10,12,11,10,11,9,10,10,5,4,7,8,8,8,5,2,5,2,-0.0215,0.0555,0,19,10,015,1,0,1,0,1,0,1,0,1,0,1,0,1,0,0,1,1,0,1,0,0,0,0,0,0,0,0,0,0,0
015SUB13,5,5,5,1,1,1,1,1,1,1,0.6,0.75,0.75,0.6,0.6,0.45,0.675,0.75,0.675,0.75,14,11,10.25,12,15.6,14.85,10.35,9.75,10.35,9.75,15,8,7,5,11,13,2,1,2,1,5,2,4,4,8,4,2,4,1,5,0.024,0.0555,0,25,22,015,0,0,1,0,1,0,0,0,0,1,0,0,1,0,1,0,1,0,1,0,0,0,0,0,0,0,0,0,0,0
015SUB14,1,2,2,2,1,2,0,0,0,0,0.45,0.6,0.6,0.6,0.525,0.75,0.45,0.525,0.6,0.6,14.85,12.8,14,15.2,11.1,10.25,10.9,10.525,10,10,13,8,10,12,4,3,2,1,0,0,7,2,5,5,7,1,2,4,4,3,-0.0215,0.0555,0,20,10,015,0,1,0,1,0,0,0,0,0,1,1,0,0,1,0,1,1,1,1,1,0,0,0,0,0,0,0,0,1,1
015SUB15,8,0,7,10,0,5,0,0,0,0,0.75,0.45,0.6,0.75,0.525,0.75,0.525,0.525,0.6,0.525,11.75,16.3,13.2,9,11.05,9.5,10.525,10.525,10,10.525,13,14,17,12,2,6,1,1,0,1,7,8,8,6,1,3,4,7,7,1,-0.0215,0.0555,0,24,22,015,1,0,0,1,0,0,1,0,0,1,1,0,0,1,0,1,1,1,0,1,0,0,0,0,0,0,0,0,1,0
015SUB16,1,1,10,2,2,1,0,0,1,0,0.45,0.675,0.675,0.6,0.6,0.75,0.525,0.6,0.525,0.6,18.45,10.35,14.175,15.2,15.2,9.75,15.25,10,15.3,10,21,2,21,12,12,1,10,0,12,0,8,7,2,6,4,6,6,1,8,3,0.024,-0.0715,0,23,8,015,0,1,1,0,1,0,0,0,0,0,1,0,0,1,1,1,0,1,1,1,0,0,0,0,0,0,0,1,0,1
015SUB17,3,2,1,1,1,1,1,1,1,1,0.6,0.6,0.6,0.75,0.6,0.6,0.6,0.75,0.675,0.75,13.6,15.2,10.8,9.75,15.6,10.8,15.6,9.75,10.35,9.75,11,12,3,1,11,3,11,1,2,1,2,4,6,2,5,1,5,5,1,8,0.024,-0.0715,0,19,11,015,0,0,0,0,0,0,1,0,0,1,0,0,0,1,1,0,1,0,1,0,0,0,0,0,0,0,0,0,0,0
015SUB18,9,0,1,0,0,1,0,0,0,0,0.6,0.45,0.45,0.45,0.525,0.75,0.6,0.525,0.6,0.6,12.4,15.4,18.45,15.4,15.25,9.75,10,10.525,10,10,19,12,21,12,10,1,0,1,0,0,1,6,2,8,3,7,8,7,6,7,-0.0215,0.0555,0,22,26,015,0,0,0,1,0,1,0,1,0,1,1,0,1,1,0,1,1,1,1,1,0,0,0,0,0,0,1,0,1,1
015SUB19,10,10,10,10,10,0,10,10,0,0,0.6,0.675,0.675,0.75,0.75,0.525,0.75,0.75,0.6,0.6,18,16.2,13.5,9,9,10.525,7.5,9,10,10,30,24,20,12,12,1,10,12,0,0,3,1,1,5,6,7,6,8,2,6,-0.0215,0.0555,0,24,22,015,1,1,1,0,1,0,1,0,1,0,0,1,1,0,1,0,1,1,1,1,1,0,0,0,0,0,0,0,1,1
015SUB20,0,1,0,0,0,0,0,0,0,0,0.45,0.675,0.525,0.6,0.525,0.525,0.6,0.525,0.6,0.6,14.5,10.35,15.25,10,11.05,11.05,10,10.525,10,10,10,2,10,0,2,2,0,1,0,0,4,7,7,3,2,5,3,5,7,6,0.024,-0.0715,0,24,22,015,0,0,1,0,0,1,1,1,0,1,0,1,1,1,0,1,1,1,1,1,0,0,0,1,0,0,1,0,1,1
015SUB21,1,0,0,0,0,0,0,0,0,0,0.6,0.6,0.45,0.525,0.45,0.525,0.525,0.525,0.6,0.6,15,10,19,10.525,14.95,10.525,15.25,14.725,10,10,10,0,20,1,11,1,10,9,0,0,4,3,1,2,8,6,6,2,3,7,-0.0215,0.0555,0,24,22,015,0,1,1,1,0,1,0,1,0,0,0,1,0,1,0,1,1,1,1,1,0,1,0,0,0,0,0,0,1,1
015SUB22,10,5,0,0,0,1,1,1,1,1,0.675,0.6,0.45,0.525,0.45,0.6,0.45,0.75,0.525,0.75,13.5,13.4,13.15,10.525,14.95,12.6,11.7,9.75,15.3,9.75,20,14,7,1,11,6,6,1,12,1,6,8,4,2,5,3,7,7,8,1,-0.0215,0.0555,0,20,7,015,1,0,0,0,0,1,0,1,0,0,0,0,0,1,1,0,0,1,1,0,0,0,0,0,0,0,0,0,0,0
015SUB23,9,9,8,1,10,10,3,9,10,0,0.75,0.75,0.75,0.45,0.75,0.75,0.75,0.75,0.75,0.525,8.5,11.5,9.5,14.85,9,9.75,11.5,7.75,9,15.25,10,14,10,13,12,13,6,9,12,10,4,8,5,1,4,4,7,2,8,2,-0.1995,0.0555,0,21,10,015,1,0,1,0,1,0,0,0,1,0,1,0,1,0,1,0,1,0,0,1,0,0,0,0,0,0,0,0,0,0
015SUB24,10,10,10,0,10,0,0,0,0,0,0.6,0.675,0.675,0.6,0.75,0.525,0.525,0.6,0.6,0.525,18,16.2,13.5,10,8.25,15.25,15.25,10,10,10.525,30,24,20,0,11,10,10,0,0,1,3,1,1,3,5,8,1,6,3,5,0.024,0.0555,0,22,27,015,1,1,1,0,1,0,1,1,1,0,0,1,0,1,1,1,1,1,0,1,1,0,0,1,0,0,0,1,1,0
015sub25,10,10,10,10,0,0,0,0,0,3,0.75,0.6,0.675,0.75,0.45,0.45,0.45,0.45,0.525,0.6,13.5,18,16.2,13.5,17.2,17.65,15.85,14.95,11.05,14.8,18,30,24,18,16,17,13,11,2,13,15,10,13,10,15,13,14,13,16,11,-0.0215,0.0555,0,24,22,015,1,0,1,1,1,0,1,0,0,1,0,1,0,1,0,0,0,1,0,0,0,1,0,0,0,0,0,0,0,0
015sub26,5,4,4,4,4,4,4,4,4,4,0.6,0.6,0.675,0.75,0.45,0.6,0.6,0.675,0.75,0.675,12.2,16.2,12.75,11.25,13.65,15,15,12.75,11.25,12.075,12,17,10,7,17,15,15,10,7,9,13,13,14,15,11,15,12,12,10,15,10,-7,0,29,22,015,0,0,0,1,1,1,1,0,0,0,0,0,0,0,1,1,1,0,1,0,0,0,1,0,0,0,0,1,0,0
015sub27,10,10,10,10,10,10,10,10,0,0,0.6,0.6,0.675,0.75,0.675,0.6,0.75,0.75,0.45,0.6,18,18,17.55,15.75,16.875,18,11.25,12,19,10,30,30,26,21,25,30,15,16,20,0,12,12,12,12,12,12,15,11,12,10,-0.0215,0.0555,0,24,22,015,1,1,1,1,1,1,1,0,1,1,1,1,1,0,1,0,0,1,1,1,1,1,1,0,1,1,0,0,0,1
015sub28,5,5,5,5,8,10,10,10,10,10,0.6,0.75,0.675,0.45,0.75,0.75,0.75,0.675,0.75,0.75,14.6,12.5,14.45,14.45,14.75,12.75,11.25,16.2,9,10.5,16,10,14,21,17,17,15,24,12,14,9,9,11,12,11,13,12,10,9,13,-0.313,0.5145,0,20,16,015,0,0,1,0,1,1,0,0,1,0,1,0,1,0,1,0,1,0,1,0,0,0,1,0,0,0,0,0,0,0
015sub29,10,10,10,10,10,10,10,10,10,10,0.675,0.75,0.75,0.675,0.6,0.6,0.75,0.75,0.675,0.675,16.875,12.75,13.5,17.55,18,18,9.75,8.25,13.5,14.175,25,17,18,26,30,30,13,11,20,21,11,13,15,9,10,12,9,16,12,14,-0.1695,0.0555,0,22,10,015,1,1,1,0,1,0,1,1,1,1,1,1,1,0,1,0,1,0,1,0,1,0,0,1,1,1,0,0,0,0
015sub30,10,10,10,10,10,1,10,10,3,10,0.675,0.6,0.675,0.6,0.6,0.6,0.675,0.675,0.6,0.75,18.9,18,16.875,18,18,15.6,14.175,13.5,11.2,9.75,28,30,25,30,30,11,21,20,7,13,14,10,16,11,10,11,16,14,10,11,0.024,-0.0715,1,21,12,015,1,1,1,1,1,1,1,1,1,1,0,1,1,0,1,0,0,0,1,0,1,1,1,1,1,0,0,0,0,0
015sub31,10,10,10,10,10,10,0,5,10,0,0.6,0.6,0.675,0.675,0.6,0.675,0.525,0.75,0.675,0.45,18,18,17.55,17.55,18,14.175,15.25,13.25,13.5,15.85,30,30,26,26,30,21,10,11,20,13,12,10,12,16,16,9,11,15,12,11,0.024,0.0555,0,18,4,015,1,1,1,1,1,1,1,1,1,1,1,0,0,1,1,1,1,0,0,1,1,1,1,1,1,0,0,1,0,0
015sub32,6,5,2,6,0,10,1,1,1,1,0.75,0.6,0.45,0.75,0.45,0.75,0.45,0.6,0.6,0.6,13,16.4,12.5,13,19,11.25,15.75,15.6,12,11.4,12,19,10,12,20,15,15,11,5,4,13,16,14,14,13,15,12,16,14,12,-0.0215,0.0555,0,19,10,015,1,0,0,1,0,0,1,0,0,1,1,0,0,1,0,1,0,0,0,0,0,0,0,0,0,0,0,0,0,0
015sub33,10,3,6,6,10,1,5,1,2,1,0.75,0.45,0.6,0.45,0.675,0.45,0.675,0.6,0.75,0.45,15,14.65,14.8,15.7,18.9,15.75,11.75,15.6,9.5,13.05,20,17,18,26,28,15,10,11,2,9,16,13,15,16,14,15,13,9,16,15,-0.0215,0.0555,0,21,10,015,1,0,0,0,0,0,0,0,1,1,0,1,1,0,0,1,1,0,0,1,0,0,0,0,1,0,0,0,0,0
015sub34,5,7,4,6,10,7,3,4,3,4,0.525,0.6,0.45,0.45,0.75,0.6,0.6,0.6,0.525,0.675,15.5,13.2,12.3,15.7,9,14.4,16,12.6,13.3,12.075,20,17,14,26,12,19,15,11,12,9,16,14,11,9,9,14,15,15,15,15,0.024,0.0555,0,18,4,015,0,1,0,0,0,0,0,0,1,0,0,0,0,1,0,0,0,1,1,0,0,0,0,0,0,0,0,0,0,0
015sub35,10,10,10,10,10,10,10,10,10,0,0.75,0.75,0.675,0.675,0.675,0.75,0.675,0.675,0.675,0.45,12,15,14.175,17.55,18.9,14.25,13.5,13.5,14.85,11.8,16,20,21,26,28,19,20,20,22,4,9,15,9,9,14,14,10,14,13,12,-0.063,0.0555,0,24,22,015,1,0,1,0,1,0,1,1,1,1,1,0,1,0,1,0,1,0,0,1,0,0,0,1,1,0,0,0,0,0
015sub36,8,10,10,10,10,10,10,10,0,0,0.45,0.6,0.675,0.75,0.675,0.675,0.675,0.75,0.45,0.6,14.6,18,16.875,16.5,16.875,16.875,14.175,8.25,13.15,10,28,30,25,22,25,25,21,11,7,0,14,12,16,13,12,10,16,13,10,10,0.024,0.0555,2,26,14,015,0,0,1,1,1,1,1,1,1,1,1,1,1,0,1,0,0,1,1,1,0,1,1,1,1,1,0,0,0,1
015sub37,10,10,10,10,10,10,0,0,2,2,0.675,0.6,0.675,0.6,0.75,0.675,0.45,0.45,0.6,0.45,18.9,18,16.875,18,12,14.175,14.5,14.95,12.2,14.75,28,30,25,30,16,21,10,11,7,15,14,12,10,11,15,9,13,16,11,9,0.024,0.0555,2,56,6,015,1,1,1,1,1,1,1,1,1,0,1,0,0,1,0,0,0,1,0,0,1,1,1,1,0,0,0,0,0,0
015sub38,10,10,10,10,10,10,10,10,10,10,0.675,0.75,0.675,0.675,0.675,0.6,0.75,0.75,0.675,0.675,16.875,14.25,16.2,17.55,13.5,18,9.75,8.25,14.85,14.175,25,19,24,26,20,30,13,11,22,21,11,16,13,16,13,12,14,9,13,14,-0.0215,0.6275,1,23,7,015,1,1,1,0,1,0,1,1,1,0,1,1,1,0,1,0,1,0,1,0,1,0,0,1,0,1,0,0,0,0
015sub39,1,1,1,1,1,2,2,2,1,2,0.45,0.45,0.45,0.45,0.525,0.45,0.6,0.45,0.45,0.525,16.2,16.65,18.45,12.15,15.3,16.55,15.8,12.95,12.15,15.35,16,17,21,7,12,19,13,11,7,14,9,14,9,15,9,14,9,15,11,13,-0.0215,0.0555,0,24,10,015,0,1,0,1,0,1,0,0,0,1,0,1,0,1,0,0,0,0,0,1,0,0,0,0,0,0,0,0,0,0
015sub40,5,5,5,5,5,5,5,0,0,0,0.45,0.525,0.45,0.6,0.6,0.45,0.675,0.45,0.45,0.6,16.25,15.5,16.25,12.2,15.2,16.25,11.75,14.95,12.25,10,25,20,25,12,17,25,10,11,5,0,11,15,10,14,11,10,13,9,14,10,-0.0215,-0.0715,0,21,10,015,0,0,0,1,0,0,0,0,0,1,0,0,1,0,0,0,0,1,1,1,0,0,0,0,0,0,0,0,0,1
015sub41,4,5,5,6,6,0,2,4,4,0,0.525,0.525,0.45,0.6,0.6,0.45,0.45,0.675,0.75,0.45,15.45,15.5,16.25,16.6,13.6,14.95,14.75,12.75,9.75,19,18,20,25,21,16,11,15,10,5,20,15,15,16,12,15,11,15,12,14,16,-0.0215,0.0555,0,18,16,015,0,1,0,1,0,0,0,1,0,0,0,0,0,0,1,1,1,0,0,1,0,0,0,0,0,0,0,1,0,0
015sub42,4,10,4,6,10,10,10,6,6,10,0.525,0.75,0.45,0.6,0.6,0.675,0.75,0.6,0.75,0.675,15.45,10.5,16.8,14.8,18,16.875,7.5,13.6,13,13.5,18,14,24,18,30,25,10,16,12,20,15,11,13,10,16,10,11,11,15,16,0.024,0.0555,0,18,4,015,0,1,1,0,0,1,0,0,1,1,1,1,1,0,0,0,1,0,1,0,0,0,0,0,1,1,0,0,0,0
015sub43,2,2,2,2,1,1,1,2,2,2,0.525,0.525,0.45,0.45,0.525,0.45,0.45,0.45,0.45,0.525,15.35,15.35,16.1,16.1,15.3,18.45,14.85,12.5,17.9,15.35,14,14,18,18,12,21,13,10,22,14,10,11,15,10,9,9,9,12,13,13,0.024,-0.0715,1,19,1,015,0,1,0,1,0,1,0,1,0,1,0,1,0,0,0,0,0,1,0,1,0,0,0,0,0,0,0,0,0,0
015sub44,10,3,4,2,5,10,10,0,0,10,0.6,0.6,0.675,0.6,0.45,0.675,0.675,0.45,0.525,0.75,18,13,12.75,12.2,16.25,14.85,13.5,17.2,11.05,11.25,30,10,10,7,25,22,20,16,2,15,12,9,14,15,12,16,10,11,16,9,0.129,0.85,0,18,12,015,1,1,0,1,1,1,0,1,0,0,1,0,1,0,0,1,0,1,1,0,1,0,1,0,0,0,0,0,0,0
015sub45,2,4,5,6,10,7,0,1,2,1,0.525,0.45,0.675,0.525,0.6,0.6,0.525,0.6,0.6,0.45,15.35,14.55,14.45,15.55,18,13.2,15.25,15.6,15.2,18.45,14,19,14,22,30,17,10,11,12,21,10,16,11,13,10,13,11,13,9,14,-0.0215,0.751756,0,22,22,015,0,1,0,0,1,1,0,0,1,1,0,0,0,1,0,1,0,0,0,1,0,0,1,0,1,0,0,0,0,0
015sub46,10,9,10,10,10,2,0,0,0,3,0.75,0.75,0.675,0.6,0.675,0.45,0.45,0.45,0.45,0.6,10.5,13.75,14.175,18,13.5,17.9,19,19,15.4,16,14,17,21,30,20,22,20,20,12,15,10,14,9,11,13,16,10,14,9,9,-0.0215,0.0555,0,22,9,015,1,0,1,0,1,0,1,1,1,0,0,1,0,1,0,1,0,1,0,1,0,0,0,1,0,0,0,0,0,0
015sub47,1,2,6,6,8,10,3,4,4,3,0.45,0.525,0.45,0.525,0.45,0.75,0.6,0.45,0.75,0.75,14.4,15.35,15.7,15.55,14.6,8.25,14.8,16.8,11.25,10,12,14,26,22,28,11,13,24,7,4,13,11,12,13,14,11,14,10,11,12,0.024,0.0555,0,19,10,015,0,1,0,1,0,0,0,0,0,0,1,0,0,0,0,1,1,0,1,0,0,0,0,0,0,0,0,0,0,0
015sub48,5,2,10,1,10,10,1,10,3,10,0.525,0.45,0.675,0.45,0.6,0.675,0.45,0.675,0.525,0.675,15.5,12.5,16.875,14.4,18,14.85,18.45,16.2,13.3,13.5,20,10,25,12,30,22,21,24,12,20,16,9,10,14,16,16,16,10,15,16,-0.0215,0.0555,1,24,14,015,0,1,0,0,1,1,0,1,1,1,1,0,0,1,1,0,0,1,1,0,0,0,1,0,1,0,0,0,0,0
03SUB01,10,10,10,10,10,10,10,10,10,10,0.75,0.6,0.6,0.6,0.6,0.6,0.6,0.6,0.6,0.6,18.75,18,18,18,18,18,18,18,18,18,25,30,30,30,30,30,30,30,30,30,8,8,4,5,5,6,5,5,1,4,-0.0215,0.0555,0,28,21,03,1,1,1,1,1,1,1,1,1,1,1,1,1,1,1,1,1,1,1,1,1,1,1,1,1,1,1,1,1,1
03SUB02,5,10,10,10,10,10,10,10,10,10,0.3,0.6,0.6,0.6,0.6,0.6,0.6,0.6,0.6,0.6,12.5,18,18,18,18,18,18,18,18,18,25,30,30,30,30,30,30,30,30,30,8,3,2,2,7,8,1,5,1,7,0.024,0.0555,1,23,25,03,0,0,1,1,1,1,1,1,1,1,1,1,1,1,1,1,1,1,1,1,0,1,1,1,1,1,1,1,1,1
03SUB03,9,10,10,10,10,10,10,10,10,10,0.9,0.6,0.6,0.6,0.6,0.6,0.6,0.6,0.6,0.6,22.6,18,18,18,18,18,18,18,18,18,24,30,30,30,30,30,30,30,30,30,1,4,2,4,6,2,2,6,5,7,0.3345,0.5145,1,22,10,03,1,1,1,1,1,1,1,1,1,1,1,1,1,1,1,1,1,1,1,1,1,1,1,1,1,1,1,1,1,1
03SUB04,10,10,10,10,10,10,10,10,10,10,0.75,0.75,0.6,0.75,0.6,0.6,0.6,0.6,0.6,0.6,21.75,15,18,15,18,18,18,18,18,18,29,20,30,20,30,30,30,30,30,30,5,7,7,3,8,1,5,8,3,1,-0.1015,0.0555,0,26,14,03,1,1,1,0,1,1,1,0,1,1,1,1,1,1,1,1,1,1,1,1,1,0,1,0,1,1,1,1,1,1
03SUB05,9,10,10,10,10,10,10,10,10,10,0.3,0.6,0.6,0.6,0.6,0.6,0.6,0.6,0.6,0.6,9.7,18,18,18,18,18,18,18,18,18,29,30,30,30,30,30,30,30,30,30,5,8,4,1,5,7,6,1,2,2,0.074,-0.0715,0,25,16,03,0,0,1,1,1,1,1,1,1,1,1,1,1,1,1,1,1,1,1,1,0,1,1,1,1,1,1,1,1,1
03SUB06,10,10,10,5,10,10,10,10,10,10,0.75,0.6,0.6,0.3,0.6,0.6,0.6,0.6,0.6,0.6,18.75,18,18,12.5,18,18,18,18,18,18,25,30,30,25,30,30,30,30,30,30,8,1,7,8,8,1,3,8,2,6,0.129,-0.0715,0,28,7,03,1,1,1,1,1,1,0,0,1,1,1,1,1,1,1,1,1,1,1,1,1,1,1,0,1,1,1,1,1,1
03SUB07,10,10,10,10,10,10,10,10,10,10,0.6,0.6,0.6,0.6,0.6,0.6,0.6,0.75,0.75,0.6,18,18,18,18,18,18,18,15,15,18,30,30,30,30,30,30,30,20,20,30,6,3,7,6,2,6,1,7,8,3,0.024,0.0555,0,22,10,03,1,1,1,1,1,1,1,1,1,1,1,1,1,1,1,0,1,0,1,1,1,1,1,1,1,1,1,0,0,1
03SUB08,8,8,0,10,0,10,10,10,10,10,0.6,0.3,0.3,0.6,0.3,0.6,0.6,0.6,0.6,0.6,16.4,10.4,16,18,16,18,18,18,18,18,24,28,20,30,20,30,30,30,30,30,1,2,5,7,4,2,6,1,7,8,0.024,0.303,0,25,22,03,0,0,0,0,0,1,1,1,0,1,1,1,1,1,1,1,1,1,1,1,0,0,0,1,0,1,1,1,1,1
03SUB09,10,10,10,10,10,10,10,10,10,10,0.75,0.75,0.75,0.6,0.6,0.6,0.6,0.6,0.6,0.6,15,21,15,18,18,18,18,18,18,18,20,28,20,30,30,30,30,30,30,30,7,2,8,6,3,2,2,4,6,7,-0.0215,0.0555,0,20,10,03,1,0,1,1,1,0,1,1,1,1,1,1,1,1,1,1,1,1,1,1,0,1,0,1,1,1,1,1,1,1
03SUB10,0,0,0,0,0,0,0,0,0,10,0.3,0.3,0.3,0.3,0.3,0.3,0.3,0.3,0.3,0.6,16,16,16,16,16,16,16,16,16,18,20,20,20,20,20,20,20,20,20,30,7,7,8,3,1,3,8,7,8,6,0.024,0.0555,0,22,9,03,0,1,0,1,0,1,0,1,0,1,0,1,0,1,0,1,0,1,1,1,0,0,0,0,0,0,0,0,0,1
03SUB11,10,10,10,10,10,10,10,10,10,10,0.6,0.6,0.6,0.6,0.6,0.75,0.75,0.6,0.6,0.6,18,18,18,18,18,15,15,18,18,18,30,30,30,30,30,20,20,30,30,30,6,4,3,1,6,3,8,6,5,4,-0.0215,0.0555,1,22,28,03,1,1,1,1,1,1,1,1,1,1,1,0,1,0,1,1,1,1,1,1,1,1,1,1,1,0,0,1,1,1
03SUB12,10,10,9,10,10,10,10,10,10,10,0.75,0.6,0.3,0.75,0.6,0.75,0.6,0.6,0.6,0.6,15,18,9.7,18.75,18,21.75,18,18,18,18,20,30,29,25,30,29,30,30,30,30,7,3,1,8,6,4,1,2,1,1,0.024,0.0555,1,25,22,03,1,0,1,1,0,0,1,1,1,1,1,1,1,1,1,1,1,1,1,1,0,1,0,1,1,1,1,1,1,1
03SUB13,7,8,10,10,10,9,10,10,10,10,0.3,0.3,0.6,0.6,0.75,0.3,0.6,0.6,0.75,0.6,10.2,10.4,18,18,15,9.7,18,18,15,18,24,28,30,30,20,29,30,30,20,30,1,6,6,1,4,4,4,3,8,5,0.024,-0.0715,1,23,22,03,0,0,0,0,1,1,1,1,1,0,0,0,1,1,1,1,1,0,1,1,0,0,1,1,0,0,1,1,0,1
03SUB14,10,10,10,10,10,10,10,10,10,10,0.6,0.75,0.6,0.6,0.6,0.6,0.6,0.6,0.6,0.6,18,21,18,18,18,18,18,18,18,18,30,28,30,30,30,30,30,30,30,30,4,6,3,4,8,5,5,3,4,6,0.024,-0.0715,0,23,7,03,1,1,1,1,1,1,1,1,1,1,1,1,1,1,1,1,1,1,1,1,1,1,1,1,1,1,1,1,1,1
03SUB15,9,10,10,10,10,10,10,10,10,10,0.3,0.75,0.6,0.6,0.6,0.6,0.6,0.6,0.6,0.6,9.7,15,18,18,18,18,18,18,18,18,29,20,30,30,30,30,30,30,30,30,2,7,6,7,3,7,6,4,3,2,0.024,-0.0715,1,19,7,03,0,0,1,0,1,1,1,1,1,1,1,1,1,1,1,1,1,1,1,1,0,0,1,1,1,1,1,1,1,1
03SUB16,10,10,10,10,10,10,10,10,10,10,0.75,0.75,0.75,0.6,0.6,0.6,0.6,0.6,0.6,0.6,21.75,21.75,21.75,18,18,18,18,18,18,18,29,29,29,30,30,30,30,30,30,30,2,5,1,2,2,5,3,5,6,5,0.024,0.0555,0,22,10,03,1,1,1,1,1,1,1,1,1,1,1,1,1,1,1,1,1,1,1,1,1,1,1,1,1,1,1,1,1,1
03SUB17,10,10,10,10,10,10,10,10,10,10,0.6,0.6,0.6,0.6,0.6,0.6,0.6,0.6,0.6,0.6,18,18,18,18,18,18,18,18,18,18,30,30,30,30,30,30,30,30,30,30,3,8,6,6,5,5,3,1,4,2,-0.0215,0.0555,1,23,12,03,1,1,1,1,1,1,1,1,1,1,1,1,1,1,1,1,1,1,1,1,1,1,1,1,1,1,1,1,1,1
03SUB18,10,10,10,10,10,10,10,10,10,10,0.75,0.75,0.6,0.75,0.6,0.6,0.6,0.75,0.6,0.6,21.75,21,18,18.75,18,18,18,15,18,18,29,28,30,25,30,30,30,20,30,30,2,6,4,8,7,6,4,7,4,3,-0.0215,0.0555,1,22,12,03,1,1,1,1,1,1,1,1,1,1,1,1,1,1,1,0,1,1,1,1,1,1,1,1,1,1,1,0,1,1
03SUB19,10,10,10,10,10,10,10,10,10,10,0.6,0.75,0.6,0.75,0.6,0.6,0.75,0.6,0.6,0.6,18,21,18,15,18,18,15,18,18,18,30,28,30,20,30,30,20,30,30,30,3,2,2,3,3,8,7,2,7,3,-0.0215,0.407,0,22,10,03,1,1,1,1,1,1,1,0,1,1,1,1,1,0,1,1,1,1,1,1,1,1,1,0,1,1,0,1,1,1
03SUB20,10,10,10,10,10,10,10,10,10,10,0.75,0.6,0.6,0.6,0.75,0.6,0.6,0.6,0.6,0.6,21.75,18,18,18,15,18,18,18,18,18,29,30,30,30,20,30,30,30,30,30,5,1,3,5,4,1,4,4,6,4,-0.0215,0.0555,0,19,4,03,1,1,1,1,1,1,1,1,1,0,1,1,1,1,1,1,1,1,1,1,1,1,1,1,0,1,1,1,1,1
03SUB21,10,10,10,10,10,10,10,10,10,10,0.6,0.6,0.75,0.6,0.75,0.75,0.6,0.6,0.6,0.6,18,18,15,18,15,21.75,18,18,18,18,30,30,20,30,20,29,30,30,30,30,4,4,8,5,1,4,2,6,5,1,-0.0215,0.0555,0,24,22,03,1,1,1,1,1,0,1,1,1,0,1,1,1,1,1,1,1,1,1,1,1,1,0,1,0,1,1,1,1,1
03SUB22,10,10,10,10,10,10,0,10,10,10,0.6,0.75,0.75,0.6,0.6,0.75,0.3,0.6,0.6,0.6,18,21.75,15,18,18,15,16,18,18,18,30,29,20,30,30,20,20,30,30,30,6,5,5,4,7,3,7,3,2,8,0.024,0.0555,0,23,22,03,1,1,1,1,1,0,1,1,1,1,1,0,0,1,1,1,1,1,1,1,1,1,0,1,1,0,0,1,1,1
03SUB23,10,9,10,10,10,10,10,10,10,10,0.6,0.3,0.75,0.6,0.6,0.6,0.75,0.6,0.6,0.6,18,9.7,21.75,18,18,18,15,18,18,18,30,29,29,30,30,30,20,30,30,30,3,5,1,7,2,7,7,2,3,8,-0.0215,0.5675,0,28,22,03,1,1,0,0,1,1,1,1,1,1,1,1,1,0,1,1,1,1,1,1,1,0,1,1,1,1,0,1,1,1
03SUB24,10,10,10,10,10,10,10,10,10,10,0.6,0.6,0.75,0.6,0.75,0.6,0.75,0.6,0.6,0.6,18,18,15,18,15,18,15,18,18,18,30,30,20,30,20,30,20,30,30,30,4,1,5,2,1,8,8,8,7,5,-0.0215,0.0555,0,25,22,03,1,1,1,1,1,0,1,1,1,0,1,1,1,0,1,1,1,1,1,1,1,1,0,1,0,1,0,1,1,1
03sub25,10,10,0,10,10,10,10,10,10,10,0.9,0.6,0.3,0.6,0.6,0.6,0.6,0.6,0.6,0.6,22.5,18,16,18,18,18,18,18,18,18,25,30,20,30,30,30,30,30,30,30,16,10,10,12,14,13,11,14,13,12,0.024,0.0555,1,22,10,03,1,1,1,1,0,1,1,1,1,1,1,1,1,1,1,1,1,1,1,1,1,1,0,1,1,1,1,1,1,1
03sub26,0,0,10,10,10,10,10,10,10,10,0.3,0.3,0.6,0.6,0.6,0.6,0.6,0.6,0.6,0.75,16,16,18,18,18,18,18,18,18,21.75,20,20,30,30,30,30,30,30,30,29,12,9,16,10,12,15,10,13,13,9,-0.0215,0.0555,1,21,2,03,0,1,0,1,1,1,1,1,1,1,1,1,1,1,1,1,1,1,1,1,0,0,1,1,1,1,1,1,1,1
03sub27,10,10,10,10,10,10,10,10,10,10,0.75,0.6,0.6,0.6,0.6,0.6,0.6,0.6,0.6,0.6,21,18,18,18,18,18,18,18,18,18,28,30,30,30,30,30,30,30,30,30,9,13,13,9,10,13,9,10,12,12,-0.1995,0.5145,0,21,10,03,1,1,1,1,1,1,1,1,1,1,1,1,1,1,1,1,1,1,1,1,1,1,1,1,1,1,1,1,1,1
03sub28,6,5,3,9,10,10,10,10,10,10,0.3,0.3,0.3,0.6,0.6,0.6,0.6,0.6,0.6,0.6,11.5,12.5,13.9,12.4,18,18,18,18,18,18,25,25,23,19,30,30,30,30,30,30,14,15,14,13,15,11,10,15,12,14,-0.1695,0.6275,0,24,22,03,0,0,0,0,0,0,0,0,1,1,1,1,1,1,1,1,1,1,1,1,0,0,0,0,1,1,1,1,1,1
03sub29,10,10,10,10,10,10,10,10,10,10,0.9,0.6,0.75,0.6,0.6,0.6,0.6,0.6,0.6,0.75,25.2,18,17.25,18,18,18,18,18,18,21.75,28,30,23,30,30,30,30,30,30,29,15,14,14,9,12,15,16,11,10,9,-0.0215,0.0555,0,22,10,03,1,1,1,1,1,1,1,1,1,1,1,1,1,1,1,1,1,1,1,1,1,1,1,1,1,1,1,1,1,1
03sub30,9,10,10,10,10,10,10,10,10,10,0.45,0.6,0.6,0.6,0.6,0.6,0.6,0.6,0.6,0.6,13.6,18,18,18,18,18,18,18,18,18,28,30,30,30,30,30,30,30,30,30,15,10,9,14,13,9,12,9,16,10,-0.1695,0.85,0,23,2,03,0,0,1,1,1,1,1,1,1,1,1,1,1,1,1,1,1,1,1,1,0,1,1,1,1,1,1,1,1,1
03sub31,10,10,10,10,10,10,10,10,10,10,0.6,0.75,0.6,0.6,0.6,0.6,0.6,0.6,0.6,0.6,18,15,18,18,18,18,18,18,18,18,30,20,30,30,30,30,30,30,30,30,13,9,12,12,10,13,12,16,10,12,-0.0215,0.0555,1,20,22,03,1,1,1,0,1,1,1,1,1,1,1,1,1,1,1,1,1,1,1,1,1,0,1,1,1,1,1,1,1,1
03sub32,10,10,10,10,10,10,10,10,10,10,0.6,0.75,0.75,0.6,0.6,0.6,0.6,0.6,0.6,0.6,18,15,17.25,18,18,18,18,18,18,18,30,20,23,30,30,30,30,30,30,30,13,9,14,12,12,12,13,11,14,10,0.024,0.0555,1,24,27,03,1,1,1,0,1,1,1,1,1,1,1,1,1,1,1,1,1,1,1,1,1,0,1,1,1,1,1,1,1,1
03sub33,7,8,10,10,10,10,10,10,10,10,0.3,0.3,0.6,0.6,0.6,0.6,0.6,0.6,0.6,0.6,10.5,10.4,18,18,18,18,18,18,18,18,25,28,30,30,30,30,30,30,30,30,16,11,13,9,16,11,16,13,9,14,0.024,0.0555,1,24,22,03,0,0,0,0,1,1,1,1,1,1,1,1,1,1,1,1,1,1,1,1,0,0,1,1,1,1,1,1,1,1
03sub34,10,10,10,10,10,10,10,10,10,10,0.6,0.6,0.75,0.6,0.6,0.6,0.6,0.6,0.6,0.6,18,18,15,18,18,18,18,18,18,18,30,30,20,30,30,30,30,30,30,30,11,10,10,10,16,12,9,14,16,11,0.024,0.0555,1,22,5,03,1,1,1,1,1,0,1,1,1,1,1,1,1,1,1,1,1,1,1,1,1,1,0,1,1,1,1,1,1,1
03sub35,9,10,10,10,10,10,10,10,10,10,0.45,0.6,0.6,0.9,0.6,0.6,0.6,0.6,0.6,0.6,13.6,18,18,17.1,18,18,18,18,18,18,28,30,30,19,30,30,30,30,30,30,15,12,12,13,16,14,14,15,15,13,0.024,0.0555,1,19,7,03,0,0,1,1,1,1,1,1,1,1,1,1,1,1,1,1,1,1,1,1,0,1,1,1,1,1,1,1,1,1
03sub36,8,10,10,0,10,10,10,10,10,10,0.6,0.6,0.6,0.3,0.6,0.6,0.6,0.6,0.6,0.6,17,18,18,16,18,18,18,18,18,18,25,30,30,20,30,30,30,30,30,30,16,12,16,15,9,14,11,12,11,13,0.024,0.0555,1,21,14,03,0,0,1,1,1,1,0,1,1,1,1,1,1,1,1,1,1,1,1,1,0,1,1,0,1,1,1,1,1,1
03sub37,10,10,10,10,10,10,10,10,10,10,0.75,0.75,0.6,0.6,0.75,0.6,0.6,0.6,0.6,0.6,21,18.75,18,18,16.5,18,18,18,18,18,28,25,30,30,22,30,30,30,30,30,9,15,11,10,11,12,14,12,10,15,0.024,0.0555,0,21,10,03,1,1,1,1,1,1,1,1,1,1,1,1,1,1,1,1,1,1,1,1,1,1,1,1,1,1,1,1,1,1
03sub38,8,10,10,10,10,10,10,10,10,10,0.3,0.6,0.6,0.6,0.6,0.6,0.6,0.6,0.6,0.6,10.4,18,18,18,18,18,18,18,18,18,28,30,30,30,30,30,30,30,30,30,9,13,11,14,15,16,15,9,9,15,-0.0215,0.644,1,26,10,03,0,0,1,1,1,1,1,1,1,1,1,1,1,1,1,1,1,1,1,1,0,1,1,1,1,1,1,1,1,1
03sub39,9,10,10,10,10,10,10,10,10,10,0.6,0.6,0.6,0.6,0.6,0.6,0.6,0.6,0.6,0.6,16,18,18,18,18,18,18,18,18,18,25,30,30,30,30,30,30,30,30,30,14,14,16,16,15,9,9,10,15,11,0.024,0.0555,1,23,10,03,0,0,1,1,1,1,1,1,1,1,1,1,1,1,1,1,1,1,1,1,0,1,1,1,1,1,1,1,1,1
03sub40,9,10,10,10,10,10,10,10,10,10,0.3,0.6,0.6,0.75,0.6,0.6,0.6,0.6,0.6,0.6,9.7,18,18,15,18,18,18,18,18,18,29,30,30,20,30,30,30,30,30,30,10,16,15,15,14,14,10,10,14,10,-0.063,0.0555,0,21,10,03,0,0,1,1,1,1,1,0,1,1,1,1,1,1,1,1,1,1,1,1,0,1,1,0,1,1,1,1,1,1
03sub41,10,10,10,10,10,10,10,10,10,9,0.9,0.75,0.6,0.75,0.6,0.6,0.6,0.6,0.6,0.3,22.5,18.75,18,15,18,18,18,18,18,9.7,25,25,30,20,30,30,30,30,30,29,14,15,15,15,9,16,14,11,15,9,0.024,0.85,0,20,4,03,1,1,1,1,1,1,1,0,1,1,1,1,1,1,1,1,1,1,0,0,1,1,1,0,1,1,1,1,1,0
03sub42,10,10,10,10,10,10,10,10,10,10,0.75,0.6,0.6,0.6,0.6,0.6,0.6,0.6,0.6,0.6,15,18,18,18,18,18,18,18,18,18,20,30,30,30,30,30,30,30,30,30,12,16,9,11,14,10,16,16,9,13,-0.0215,0.0555,1,30,18,03,1,0,1,1,1,1,1,1,1,1,1,1,1,1,1,1,1,1,1,1,0,1,1,1,1,1,1,1,1,1
03sub43,10,10,10,10,10,10,10,10,10,10,0.75,0.6,0.6,0.6,0.75,0.6,0.6,0.6,0.6,0.6,15,18,18,18,16.5,18,18,18,18,18,20,30,30,30,22,30,30,30,30,30,12,14,11,16,11,16,12,16,12,16,-0.1015,0.2365,0,27,22,03,1,0,1,1,1,1,1,1,1,1,1,1,1,1,1,1,1,1,1,1,0,1,1,1,1,1,1,1,1,1
03sub44,10,10,10,10,10,10,10,10,10,10,0.6,0.6,0.6,0.6,0.6,0.6,0.6,0.6,0.6,0.6,18,18,18,18,18,18,18,18,18,18,30,30,30,30,30,30,30,30,30,30,11,12,13,14,9,15,15,9,11,14,0.024,0.85,1,24,14,03,1,1,1,1,1,1,1,1,1,1,1,1,1,1,1,1,1,1,1,1,1,1,1,1,1,1,1,1,1,1
03sub45,10,10,10,10,10,10,10,10,10,10,0.75,0.6,0.6,0.6,0.6,0.6,0.6,0.6,0.6,0.6,21.75,18,18,18,18,18,18,18,18,18,29,30,30,30,30,30,30,30,30,30,10,16,12,16,10,11,15,12,14,16,-0.0215,0.0555,0,22,10,03,1,1,1,1,1,1,1,1,1,1,1,1,1,1,1,1,1,1,1,1,1,1,1,1,1,1,1,1,1,1
03sub46,10,10,10,10,10,10,10,10,10,10,0.75,0.6,0.6,0.6,0.6,0.6,0.6,0.6,0.6,0.6,21.75,18,18,18,18,18,18,18,18,18,29,30,30,30,30,30,30,30,30,30,10,13,9,11,13,10,11,13,13,16,-0.0215,0.0555,0,24,10,03,1,1,1,1,1,1,1,1,1,1,1,1,1,1,1,1,1,1,1,1,1,1,1,1,1,1,1,1,1,1
03sub47,10,10,10,0,2,10,10,10,10,10,0.6,0.75,0.75,0.3,0.3,0.6,0.6,0.6,0.6,0.6,18,21,15,15.7,14.6,18,18,18,18,18,30,28,20,19,22,30,30,30,30,30,13,11,10,13,11,10,13,14,16,15,0.024,-0.0715,1,23,22,03,1,1,1,1,1,0,0,0,0,0,1,1,1,1,1,1,1,1,1,1,1,1,0,0,0,1,1,1,1,1
03sub48,10,10,10,10,10,10,10,10,10,10,0.6,0.75,0.6,0.6,0.6,0.6,0.6,0.6,0.6,0.6,18,21,18,18,18,18,18,18,18,18,30,28,30,30,30,30,30,30,30,30,11,11,15,11,13,9,13,15,11,11,0.024,0.0555,0,24,3,03,1,1,1,1,1,1,1,1,1,1,1,1,1,1,1,1,1,1,1,1,1,1,1,1,1,1,1,1,1,1
045SUB01,10,10,10,10,10,10,10,10,10,10,0.6,0.6,0.825,0.6,0.6,0.6,0.6,0.6,0.6,0.6,18,18,16.5,18,18,18,18,18,18,18,30,30,20,30,30,30,30,30,30,30,3,7,1,6,1,1,2,1,1,2,0.024,0.0555,1,21,12,045,1,1,1,1,1,1,1,1,1,1,1,1,1,1,1,1,1,1,1,1,1,1,1,1,1,1,1,1,1,1
045SUB02,10,10,10,10,10,10,10,10,10,10,0.6,0.6,0.6,0.6,0.6,0.6,0.6,0.6,0.6,0.6,18,18,18,18,18,18,18,18,18,18,30,30,30,30,30,30,30,30,30,30,1,4,7,2,3,6,2,4,8,2,0.024,0.0555,1,22,8,045,1,1,1,1,1,1,1,1,1,1,1,1,1,1,1,1,1,1,1,1,1,1,1,1,1,1,1,1,1,1
045SUB03,10,10,10,10,10,10,10,10,10,10,0.6,0.6,0.6,0.6,0.6,0.6,0.6,0.6,0.6,0.6,18,18,18,18,18,18,18,18,18,18,30,30,30,30,30,30,30,30,30,30,4,4,6,2,5,5,3,3,7,1,0.024,0.0555,0,22,10,045,1,1,1,1,1,1,1,1,1,1,1,1,1,1,1,1,1,1,1,1,1,1,1,1,1,1,1,1,1,1
045SUB04,10,10,10,10,10,10,10,10,10,10,0.6,0.6,0.6,0.6,0.6,0.6,0.825,0.6,0.6,0.6,18,18,18,18,18,18,16.5,18,18,18,30,30,30,30,30,30,20,30,30,30,8,1,5,5,1,8,7,5,3,1,-0.1995,0.0555,1,19,10,045,1,1,1,1,1,1,1,1,1,1,1,1,1,1,1,1,1,1,1,1,1,1,1,1,1,1,1,1,1,1
045SUB05,10,10,10,10,10,10,10,10,10,10,0.6,0.6,0.6,0.6,0.6,0.6,0.6,0.6,0.6,0.6,18,18,18,18,18,18,18,18,18,18,30,30,30,30,30,30,30,30,30,30,4,7,7,5,6,3,4,2,8,2,0.024,-0.0715,0,24,21,045,1,1,1,1,1,1,1,1,1,1,1,1,1,1,1,1,1,1,1,1,1,1,1,1,1,1,1,1,1,1
045SUB06,10,10,10,10,10,10,10,10,10,10,1.05,0.6,0.825,0.825,0.6,0.6,0.6,0.6,0.6,0.6,29.4,18,18.975,20.625,18,18,18,18,18,18,28,30,23,25,30,30,30,30,30,30,6,1,2,1,2,4,1,6,1,5,-0.0215,0.0555,0,28,22,045,1,1,1,1,1,1,1,1,1,1,1,1,1,1,1,1,1,1,1,1,1,1,1,1,1,1,1,1,1,1
045SUB07,9,9,9,0,10,10,10,10,4,10,0.375,0.15,0.15,0.15,0.6,0.6,0.6,0.6,0.15,0.6,11.5,5.35,5.35,13,18,18,18,18,9.6,18,28,29,29,20,30,30,30,30,24,30,6,3,3,4,8,4,3,3,5,7,-0.0215,0.448,0,20,12,045,0,0,0,0,0,0,0,0,1,1,1,1,1,1,1,1,0,0,1,1,0,0,0,0,1,1,1,1,0,1
045SUB08,10,10,10,10,10,10,10,10,10,10,0.6,0.825,0.6,0.6,0.6,0.6,0.6,0.6,0.6,0.6,18,23.925,18,18,18,18,18,18,18,18,30,29,30,30,30,30,30,30,30,30,7,3,6,2,4,1,4,8,4,4,10,-0.0715,0,25,22,045,1,1,1,1,1,1,1,1,1,1,1,1,1,1,1,1,1,1,1,1,1,1,1,1,1,1,1,1,1,1
045SUB09,9,10,0,1,10,10,10,10,10,10,0.375,0.6,0.15,0.15,0.6,0.6,0.6,0.6,0.6,0.6,11.5,18,13,12.15,18,18,18,18,18,18,28,30,20,21,30,30,30,30,30,30,6,6,1,8,8,8,6,7,4,6,-0.1695,0.5145,0,18,4,045,0,0,1,1,0,0,0,0,1,1,1,1,1,1,1,1,1,1,1,1,0,1,0,0,1,1,1,1,1,1
045SUB10,10,10,10,10,10,10,10,10,10,10,0.6,0.6,0.6,0.6,0.6,0.6,0.6,0.6,0.6,0.6,18,18,18,18,18,18,18,18,18,18,30,30,30,30,30,30,30,30,30,30,1,8,5,7,5,8,8,4,6,5,0.3345,0.0555,0,21,10,045,1,1,1,1,1,1,1,1,1,1,1,1,1,1,1,1,1,1,1,1,1,1,1,1,1,1,1,1,1,1
045SUB11,10,10,10,10,10,10,10,10,10,10,0.6,0.6,0.6,0.825,0.6,0.6,0.825,0.6,0.6,0.6,18,18,18,16.5,18,18,16.5,18,18,18,30,30,30,20,30,30,20,30,30,30,8,5,8,4,4,2,7,3,2,8,-0.0215,-0.0715,1,26,29,045,1,1,1,1,1,1,1,1,1,1,1,1,1,1,1,1,1,1,1,1,1,1,1,1,1,1,1,1,1,1
045SUB12,10,10,10,10,10,10,10,10,10,10,0.6,0.6,0.6,0.6,0.6,0.6,0.6,0.6,0.6,0.6,18,18,18,18,18,18,18,18,18,18,30,30,30,30,30,30,30,30,30,30,4,6,4,3,7,4,1,7,4,1,0.024,0.0555,0,30,18,045,1,1,1,1,1,1,1,1,1,1,1,1,1,1,1,1,1,1,1,1,1,1,1,1,1,1,1,1,1,1
045SUB13,10,10,10,10,10,10,10,10,10,10,0.6,0.825,0.825,0.825,0.6,0.6,0.6,0.6,0.6,0.6,18,18.975,16.5,17.325,18,18,18,18,18,18,30,23,20,21,30,30,30,30,30,30,8,2,1,8,1,5,1,2,2,5,0.024,0.0555,0,22,10,045,1,1,1,1,1,1,1,1,1,1,1,1,1,1,1,1,1,1,1,1,1,1,1,1,1,1,1,1,1,1
045SUB14,10,10,10,10,10,10,0,10,10,10,0.6,0.6,0.825,0.6,0.6,0.6,0.15,0.6,0.6,0.6,18,18,23.925,18,18,18,13,18,18,18,30,30,29,30,30,30,20,30,30,30,2,8,3,7,2,2,7,2,8,4,-0.1695,0.0555,0,19,4,045,1,1,1,1,1,1,1,1,1,1,1,1,0,0,1,1,1,1,1,1,1,1,1,1,1,1,0,1,1,1
045SUB15,10,10,10,10,10,10,10,10,10,10,0.6,0.6,0.825,0.6,0.6,0.6,0.6,0.6,0.825,0.6,18,18,23.925,18,18,18,18,18,19.8,18,30,30,29,30,30,30,30,30,24,30,5,4,3,6,3,1,4,5,5,3,0.024,0.0555,1,25,14,045,1,1,1,1,1,1,1,1,1,1,1,1,1,1,1,1,1,1,1,1,1,1,1,1,1,1,1,1,1,1
045SUB16,10,10,10,10,10,10,10,10,10,10,0.6,0.825,0.6,0.825,0.6,0.6,0.6,0.6,0.6,0.6,18,23.925,18,17.325,18,18,18,18,18,18,30,29,30,21,30,30,30,30,30,30,5,3,4,8,8,7,5,1,7,8,0.024,0.0555,1,19,10,045,1,1,1,1,1,1,1,1,1,1,1,1,1,1,1,1,1,1,1,1,1,1,1,1,1,1,1,1,1,1
045SUB17,10,3,3,5,10,10,10,10,10,10,0.6,0.15,0.15,0.15,0.6,0.6,0.6,0.6,0.6,0.6,18,10.45,10.45,8.75,18,18,18,18,18,18,30,23,23,25,30,30,30,30,30,30,2,2,2,1,4,3,3,1,3,3,-0.0215,0.0555,1,22,2,045,1,1,0,0,0,0,0,0,1,1,1,1,1,1,1,1,1,1,1,1,1,0,0,0,1,1,1,1,1,1
045SUB18,10,10,10,10,10,10,10,10,10,10,0.6,0.6,0.6,0.6,0.6,0.6,0.6,0.6,0.6,0.6,18,18,18,18,18,18,18,18,18,18,30,30,30,30,30,30,30,30,30,30,3,1,8,3,6,2,2,7,3,8,-0.3015,-5,0,25,22,045,1,1,1,1,1,1,1,1,1,1,1,1,1,1,1,1,1,1,1,1,1,1,1,1,1,1,1,1,1,1
045SUB19,10,10,10,10,10,10,10,10,10,10,0.6,0.6,0.6,0.825,0.6,0.6,0.6,0.6,0.6,0.6,18,18,18,20.625,18,18,18,18,18,18,30,30,30,25,30,30,30,30,30,30,3,5,5,1,2,6,6,4,1,6,-0.1695,0.407,0,21,5,045,1,1,1,1,1,1,1,1,1,1,1,1,1,1,1,1,1,1,1,1,1,1,1,1,1,1,1,1,1,1
045SUB20,10,10,10,10,10,10,10,10,10,10,0.6,0.6,0.6,0.6,0.6,0.6,0.6,0.6,0.6,0.6,18,18,18,18,18,18,18,18,18,18,30,30,30,30,30,30,30,30,30,30,1,8,8,5,3,3,8,6,6,3,-0.0215,0.0555,0,19,11,045,1,1,1,1,1,1,1,1,1,1,1,1,1,1,1,1,1,1,1,1,1,1,1,1,1,1,1,1,1,1
045SUB21,10,10,10,10,10,10,10,10,10,10,0.6,0.6,0.6,0.6,0.6,0.6,0.6,0.6,0.6,0.6,18,18,18,18,18,18,18,18,18,18,30,30,30,30,30,30,30,30,30,30,5,7,4,3,7,7,5,8,7,4,0.024,0.0555,0,20,10,045,1,1,1,1,1,1,1,1,1,1,1,1,1,1,1,1,1,1,1,1,1,1,1,1,1,1,1,1,1,1
045SUB22,10,10,10,10,10,10,10,10,10,10,0.6,0.6,0.6,0.825,0.6,0.6,0.6,0.6,0.6,0.6,18,18,18,16.5,18,18,18,18,18,18,30,30,30,20,30,30,30,30,30,30,7,6,7,4,5,5,5,8,6,6,-0.313,0.5145,0,25,23,045,1,1,1,1,1,1,1,1,1,1,1,1,1,1,1,1,1,1,1,1,1,1,1,1,1,1,1,1,1,1
045SUB23,10,10,10,10,10,10,10,10,10,10,0.6,0.825,0.6,0.6,0.6,0.6,0.6,0.6,0.825,0.6,18,18.975,18,18,18,18,18,18,19.8,18,30,23,30,30,30,30,30,30,24,30,2,2,6,7,7,6,6,5,5,7,-0.3015,0.5145,0,21,10,045,1,1,1,1,1,1,1,1,1,1,1,1,1,1,1,1,1,1,1,1,1,1,1,1,1,1,1,1,1,1
045SUB24,10,10,10,10,10,10,10,10,10,10,0.6,0.6,0.825,0.6,0.6,0.6,0.6,0.6,0.6,0.6,18,18,18.975,18,18,18,18,18,18,18,30,30,23,30,30,30,30,30,30,30,7,5,2,6,6,7,8,6,2,7,0.024,-0.0715,0,24,27,045,1,1,1,1,1,1,1,1,1,1,1,1,1,1,1,1,1,1,1,1,1,1,1,1,1,1,1,1,1,1
045sub25,10,10,10,10,10,10,10,10,10,10,0.6,0.6,0.6,0.6,0.825,0.6,0.6,0.6,0.6,0.6,18,18,18,18,18.15,18,18,18,18,18,30,30,30,30,22,30,30,30,30,30,9,13,9,12,15,13,16,14,13,11,-0.0215,0.0555,0,21,1,045,1,1,1,1,1,1,1,1,1,1,1,1,1,1,1,1,1,1,1,1,1,1,1,1,1,1,1,1,1,1
045sub26,10,10,10,10,10,10,10,10,10,10,0.6,0.825,0.6,0.825,0.6,0.6,0.6,0.6,0.6,0.6,18,16.5,18,18.15,18,18,18,18,18,18,30,20,30,22,30,30,30,30,30,30,13,16,12,11,14,16,16,16,14,15,0.024,-0.0715,0,23,12,045,1,1,1,1,1,1,1,1,1,1,1,1,1,1,1,1,1,1,1,1,1,1,1,1,1,1,1,1,1,1
045sub27,7,10,10,10,10,10,10,10,10,10,0.15,0.6,0.6,0.6,0.6,0.6,0.6,0.6,0.6,0.6,7.05,18,18,18,18,18,18,18,18,18,27,30,30,30,30,30,30,30,30,30,14,14,12,13,9,14,10,11,9,11,0.129,0.6275,1,20,8,045,0,0,1,1,1,1,1,1,1,1,1,1,1,1,1,1,1,1,1,1,0,1,1,1,1,1,1,1,1,1
045sub28,10,10,10,10,10,10,10,10,10,10,0.6,0.6,0.6,0.6,0.6,0.6,0.6,0.6,0.6,0.6,18,18,18,18,18,18,18,18,18,18,30,30,30,30,30,30,30,30,30,30,15,13,9,15,10,16,12,10,16,15,-0.1695,0.303,0,20,10,045,1,1,1,1,1,1,1,1,1,1,1,1,1,1,1,1,1,1,1,1,1,1,1,1,1,1,1,1,1,1
045sub29,10,10,10,10,10,10,10,10,10,10,0.6,0.6,0.6,0.6,0.6,0.6,0.6,0.6,0.6,0.6,18,18,18,18,18,18,18,18,18,18,30,30,30,30,30,30,30,30,30,30,13,10,11,16,11,10,13,14,9,11,-0.0215,0.0555,0,23,22,045,1,1,1,1,1,1,1,1,1,1,1,1,1,1,1,1,1,1,1,1,1,1,1,1,1,1,1,1,1,1
045sub30,10,10,10,10,10,10,10,10,10,10,0.6,0.6,0.6,0.6,0.6,0.6,0.6,0.6,0.6,0.6,18,18,18,18,18,18,18,18,18,18,30,30,30,30,30,30,30,30,30,30,9,10,11,13,16,13,13,16,10,10,-0.0215,0.0555,1,23,13,045,1,1,1,1,1,1,1,1,1,1,1,1,1,1,1,1,1,1,1,1,1,1,1,1,1,1,1,1,1,1
045sub31,10,10,10,10,10,10,10,10,10,10,0.825,0.6,0.6,0.6,0.6,0.6,0.6,0.6,0.6,0.6,22.275,18,18,18,18,18,18,18,18,18,27,30,30,30,30,30,30,30,30,30,16,9,12,15,14,9,15,15,16,16,0.024,0.0555,0,23,12,045,1,1,1,1,1,1,1,1,1,1,1,1,1,1,1,1,1,1,1,1,1,1,1,1,1,1,1,1,1,1
045sub32,10,10,10,10,10,10,10,10,10,10,0.6,0.6,0.6,0.6,0.6,0.6,0.6,0.825,0.6,0.6,18,18,18,18,18,18,18,16.5,18,18,30,30,30,30,30,30,30,20,30,30,10,15,15,10,12,11,14,13,16,14,-0.0215,0.0555,0,21,14,045,1,1,1,1,1,1,1,1,1,1,1,1,1,1,1,1,1,1,1,1,1,1,1,1,1,1,1,1,1,1
045sub33,10,10,10,10,10,10,10,10,10,10,0.6,0.825,0.6,0.6,0.6,0.6,0.6,0.6,0.6,0.6,18,16.5,18,18,18,18,18,18,18,18,30,20,30,30,30,30,30,30,30,30,9,16,11,10,10,14,13,15,10,9,-0.0215,0.0555,0,19,6,045,1,1,1,1,1,1,1,1,1,1,1,1,1,1,1,1,1,1,1,1,1,1,1,1,1,1,1,1,1,1
045sub34,10,10,10,10,10,10,10,10,10,10,0.6,0.6,0.6,0.6,0.6,0.6,0.6,0.6,0.6,0.6,18,18,18,18,18,18,18,18,18,18,30,30,30,30,30,30,30,30,30,30,11,14,16,16,9,14,10,12,15,16,0.024,0.303,0,20,7,045,1,1,1,1,1,1,1,1,1,1,1,1,1,1,1,1,1,1,1,1,1,1,1,1,1,1,1,1,1,1
045sub35,10,10,10,10,10,10,10,10,10,10,0.6,0.6,0.6,0.6,0.6,0.6,0.6,0.6,0.6,0.6,18,18,18,18,18,18,18,18,18,18,30,30,30,30,30,30,30,30,30,30,10,11,14,14,16,12,15,10,13,10,0.024,0.0555,0,19,2,045,1,1,1,1,1,1,1,1,1,1,1,1,1,1,1,1,1,1,1,1,1,1,1,1,1,1,1,1,1,1
045sub36,10,10,10,10,10,10,10,10,10,10,0.6,0.6,0.6,0.6,0.6,0.6,0.6,0.6,0.6,0.6,18,18,18,18,18,18,18,18,18,18,30,30,30,30,30,30,30,30,30,30,12,9,14,13,10,16,16,16,14,14,-0.0215,0.0555,0,21,2,045,1,1,1,1,1,1,1,1,1,1,1,1,1,1,1,1,1,1,1,1,1,1,1,1,1,1,1,1,1,1
045sub37,10,10,10,10,10,10,10,10,10,10,0.6,0.6,0.6,0.6,0.6,0.6,0.6,0.825,0.6,0.6,18,18,18,18,18,18,18,16.5,18,18,30,30,30,30,30,30,30,20,30,30,11,9,15,12,12,10,9,13,12,14,-0.0215,0.0555,1,24,23,045,1,1,1,1,1,1,1,1,1,1,1,1,1,1,1,1,1,1,1,1,1,1,1,1,1,1,1,1,1,1
045sub38,10,10,10,2,2,0,0,0,0,0,0.825,0.6,0.6,0.15,0.15,0.15,0.15,0.15,0.15,0.15,22.275,18,18,11.3,11.3,13,13,13,13,13,27,30,30,22,22,20,20,20,20,20,14,11,13,11,15,15,11,13,11,13,0.024,0.0555,1,27,29,045,1,1,1,1,1,1,0,0,0,0,0,0,0,0,0,0,0,0,0,0,1,1,1,0,0,0,0,0,0,0
045sub39,10,10,10,10,10,10,10,10,10,10,0.6,0.6,0.6,0.6,0.6,0.825,0.6,0.6,0.6,0.6,18,18,18,18,18,16.5,18,18,18,18,30,30,30,30,30,20,30,30,30,30,15,12,10,16,13,15,9,15,9,12,-0.0215,-0.0715,1,23,14,045,1,1,1,1,1,1,1,1,1,1,1,1,1,1,1,1,1,1,1,1,1,1,1,1,1,1,1,1,1,1
045sub40,10,10,10,10,10,10,10,10,10,10,0.6,0.6,0.6,0.6,0.6,0.6,0.6,0.6,0.6,0.6,18,18,18,18,18,18,18,18,18,18,30,30,30,30,30,30,30,30,30,30,13,15,16,9,9,13,10,9,15,10,-0.3015,0.835046,0,22,12,045,1,1,1,1,1,1,1,1,1,1,1,1,1,1,1,1,1,1,1,1,1,1,1,1,1,1,1,1,1,1
045sub41,10,10,10,10,10,10,10,10,10,10,0.6,0.6,0.6,0.6,0.6,0.6,0.6,0.6,0.6,0.6,18,18,18,18,18,18,18,18,18,18,30,30,30,30,30,30,30,30,30,30,12,12,15,9,11,11,14,12,15,9,0.024,0.0555,0,22,5,045,1,1,1,1,1,1,1,1,1,1,1,1,1,1,1,1,1,1,1,1,1,1,1,1,1,1,1,1,1,1
045sub42,10,10,10,10,10,10,10,10,10,10,0.825,0.6,0.6,0.6,0.6,0.6,0.6,0.6,0.6,0.825,22.275,18,18,18,18,18,18,18,18,16.5,27,30,30,30,30,30,30,30,30,20,14,13,14,9,14,12,9,9,10,13,0.024,0.5145,0,20,2,045,1,1,1,1,1,1,1,1,1,1,1,1,1,1,1,1,1,1,1,1,1,1,1,1,1,1,1,1,1,1
045sub43,10,10,10,10,10,10,10,10,10,10,0.6,0.6,0.6,0.6,0.6,0.825,0.6,0.6,0.825,0.6,18,18,18,18,18,16.5,18,18,16.5,18,30,30,30,30,30,20,30,30,20,30,10,11,13,15,11,15,12,12,11,12,-0.0215,0.0555,1,18,8,045,1,1,1,1,1,1,1,1,1,1,1,1,1,1,1,1,1,1,1,1,1,1,1,1,1,1,1,1,1,1
045sub44,10,10,10,10,10,10,10,10,10,10,0.6,0.6,0.6,0.6,0.6,0.6,0.6,0.6,0.6,0.6,18,18,18,18,18,18,18,18,18,18,30,30,30,30,30,30,30,30,30,30,12,10,13,14,12,12,15,9,12,15,0.024,0.0555,0,21,10,045,1,1,1,1,1,1,1,1,1,1,1,1,1,1,1,1,1,1,1,1,1,1,1,1,1,1,1,1,1,1
045sub45,10,10,10,10,10,10,10,10,10,10,0.825,0.6,0.6,0.6,0.6,0.6,0.6,0.6,0.6,0.6,22.275,18,18,18,18,18,18,18,18,18,27,30,30,30,30,30,30,30,30,30,16,14,9,12,13,9,12,14,14,9,0.024,0.0555,0,21,9,045,1,1,1,1,1,1,1,1,1,1,1,1,1,1,1,1,1,1,1,1,1,1,1,1,1,1,1,1,1,1
045sub46,7,0,10,10,10,10,10,10,10,10,0.15,0.15,0.6,0.6,0.825,0.6,0.825,0.6,0.6,0.6,7.05,13,18,18,18.15,18,16.5,18,18,18,27,20,30,30,22,30,20,30,30,30,16,16,10,14,15,11,11,10,13,16,-0.3015,-5,1,26,26,045,0,0,0,0,1,1,1,1,1,1,1,1,1,1,1,1,1,1,1,1,0,0,1,1,1,1,1,1,1,1
045sub47,10,10,10,10,10,10,10,10,10,10,0.6,0.6,0.6,0.825,0.6,0.6,0.6,0.6,0.6,0.825,18,18,18,18.15,18,18,18,18,18,16.5,30,30,30,22,30,30,30,30,30,20,11,12,10,11,16,10,14,11,12,13,-0.0215,0.0555,1,21,10,045,1,1,1,1,1,1,1,1,1,1,1,1,1,1,1,1,1,1,1,1,1,1,1,1,1,1,1,1,1,1
045sub48,10,10,10,10,10,10,10,10,10,10,0.6,0.6,0.6,0.6,0.6,0.6,0.825,0.6,0.825,0.6,18,18,18,18,18,18,16.5,18,16.5,18,30,30,30,30,30,30,20,30,20,30,15,15,16,10,13,9,11,11,11,12,0.024,-0.0715,0,24,22,045,1,1,1,1,1,1,1,1,1,1,1,1,1,1,1,1,1,1,1,1,1,1,1,1,1,1,1,1,1,1
