participant.id_in_session,participant.code,participant.label,participant._is_bot,participant._index_in_pages,participant._max_page_index,participant._current_app_name,participant._current_page_name,participant.time_started_utc,participant.visited,participant.mturk_worker_id,participant.mturk_assignment_id,participant.payoff,player.id_in_group,player.role,player.payoff,player.individual_choice,player.assigned_mpcr,player.round_payoff,player.round_data,player.chosen_round,group.id_in_subsession,group.total_contribution,group.individual_share,group.start_timestamp,subsession.round_number,session.code,session.label,session.mturk_HITId,session.mturk_HITGroupId,session.comment,session.is_demo
1,pqlytvkt,SUB08,0,130,130,q,final,2025-10-28 04:37:13.194279,1,,,1460.0,2,,0.0,0,,19.0,[],,6,15.0,,1761628358,1,7wa28fol,,,,,0
2,8o7i41ct,SUB03,0,130,130,q,final,2025-10-28 04:37:13.237567,1,,,1720.0,1,,0.0,0,,13.0,[],,4,5.0,,1761628358,1,7wa28fol,,,,,0
3,1vjsju3l,SUB05,0,130,130,q,final,2025-10-28 04:37:13.261018,1,,,1620.0,2,,0.0,8,,12.2,[],,7,17.0,,1761628358,1,7wa28fol,,,,,0
4,nq9qw4h0,SUB01,0,130,130,q,final,2025-10-28 04:37:13.288174,1,,,1720.0,2,,0.0,0,,11.8,[],,3,3.0,,1761628358,1,7wa28fol,,,,,0
5,d7l71r4q,SUB09,0,130,130,q,final,2025-10-28 04:37:13.311848,1,,,1800.0,3,,0.0,0,,14.2,[],,1,7.0,,1761628358,1,7wa28fol,,,,,0
6,gqj5hla1,SUB02,0,130,130,q,final,2025-10-28 04:37:13.338685,1,,,1780.0,1,,0.0,4,,10.2,[],,1,7.0,,1761628358,1,7wa28fol,,,,,0
7,pe2umqts,SUB12,0,130,130,q,final,2025-10-28 04:37:13.365542,1,,,2160.0,3,,0.0,4,,11.4,[],,5,9.0,,1761628358,1,7wa28fol,,,,,0
8,98qlmu89,SUB04,0,130,130,q,final,2025-10-28 04:37:13.392116,1,,,2320.0,3,,0.0,3,,17.2,[],,7,17.0,,1761628358,1,7wa28fol,,,,,0
9,j6yqxxoi,SUB15,0,130,130,q,final,2025-10-28 04:37:13.415741,1,,,2487.0,2,,0.0,2,,11.0,[],,4,5.0,,1761628358,1,7wa28fol,,,,,0
10,bvednbk1,SUB17,0,130,130,q,final,2025-10-28 04:37:13.442131,1,,,800.0,2,,0.0,10,,10.8,[],,8,18.0,,1761628358,1,7wa28fol,,,,,0
11,6hwgynvg,SUB19,0,130,130,q,final,2025-10-28 04:37:13.470432,1,,,1460.0,1,,0.0,0,,15.4,[],,5,9.0,,1761628358,1,7wa28fol,,,,,0
12,at29pg4l,SUB16,0,130,130,q,final,2025-10-28 04:37:13.496932,1,,,1480.0,3,,0.0,3,,17.8,[],,8,18.0,,1761628358,1,7wa28fol,,,,,0
13,810fbjw6,SUB22,0,130,130,q,final,2025-10-28 04:37:13.525007,1,,,2000.0,1,,0.0,0,,16.6,[],,2,11.0,,1761628358,1,7wa28fol,,,,,0
14,8yzby83o,SUB20,0,130,130,q,final,2025-10-28 04:37:13.551884,1,,,2620.0,1,,0.0,5,,15.8,[],,8,18.0,,1761628358,1,7wa28fol,,,,,0
15,vuiqa7x4,SUB23,0,130,130,q,final,2025-10-28 04:37:13.579949,1,,,1460.0,1,,0.0,6,,14.2,[],,7,17.0,,1761628358,1,7wa28fol,,,,,0
16,m3zfocuy,SUB13,0,130,130,q,final,2025-10-28 04:37:13.606711,1,,,2040.0,3,,0.0,0,,11.8,[],,3,3.0,,1761628358,1,7wa28fol,,,,,0
17,4cmmq666,SUB07,0,130,130,q,final,2025-10-28 04:37:13.631939,1,,,2267.0,3,,0.0,5,,14.0,[],,6,15.0,,1761628358,1,7wa28fol,,,,,0
18,ozghf93m,SUB06,0,130,130,q,final,2025-10-28 04:37:13.661130,1,,,980.0,1,,0.0,10,,9.0,[],,6,15.0,,1761628358,1,7wa28fol,,,,,0
19,37sjrgfh,SUB24,0,130,130,q,final,2025-10-28 04:37:13.690041,1,,,1880.0,2,,0.0,3,,11.2,[],,1,7.0,,1761628358,1,7wa28fol,,,,,0
20,2f692ugv,SUB21,0,130,130,q,final,2025-10-28 04:37:13.717911,1,,,2520.0,3,,0.0,3,,10.0,[],,4,5.0,,1761628358,1,7wa28fol,,,,,0
21,9g4xodmv,SUB10,0,130,130,q,final,2025-10-28 04:37:13.745849,1,,,1280.0,1,,0.0,3,,8.8,[],,3,3.0,,1761628358,1,7wa28fol,,,,,0
22,m9yslktc,SUB14,0,130,130,q,final,2025-10-28 04:37:13.772840,1,,,2520.0,3,,0.0,8,,8.6,[],,2,11.0,,1761628358,1,7wa28fol,,,,,0
23,bnmnbdwn,SUB11,0,130,130,q,final,2025-10-28 04:37:13.800389,1,,,2627.0,2,,0.0,3,,13.6,[],,2,11.0,,1761628358,1,7wa28fol,,,,,0
24,mawud0wr,SUB18,0,130,130,q,final,2025-10-28 04:37:13.826536,1,,,1760.0,2,,0.0,5,,10.4,[],,5,9.0,,1761628358,1,7wa28fol,,,,,0
1,pqlytvkt,SUB08,0,130,130,q,final,2025-10-28 04:37:13.194279,1,,,1460.0,3,,0.0,0,,17.8,[],,2,13.0,,1761628420,2,7wa28fol,,,,,0
2,8o7i41ct,SUB03,0,130,130,q,final,2025-10-28 04:37:13.237567,1,,,1720.0,1,,0.0,0,,12.4,[],,8,4.0,,1761628420,2,7wa28fol,,,,,0
3,1vjsju3l,SUB05,0,130,130,q,final,2025-10-28 04:37:13.261018,1,,,1620.0,3,,0.0,7,,12.6,[],,7,16.0,,1761628420,2,7wa28fol,,,,,0
4,nq9qw4h0,SUB01,0,130,130,q,final,2025-10-28 04:37:13.288174,1,,,1720.0,3,,0.0,0,,11.8,[],,5,3.0,,1761628420,2,7wa28fol,,,,,0
5,d7l71r4q,SUB09,0,130,130,q,final,2025-10-28 04:37:13.311848,1,,,1800.0,1,,0.0,0,,16.0,[],,6,10.0,,1761628420,2,7wa28fol,,,,,0
6,gqj5hla1,SUB02,0,130,130,q,final,2025-10-28 04:37:13.338685,1,,,1780.0,1,,0.0,3,,14.8,[],,2,13.0,,1761628420,2,7wa28fol,,,,,0
7,pe2umqts,SUB12,0,130,130,q,final,2025-10-28 04:37:13.365542,1,,,2160.0,3,,0.0,3,,13.6,[],,4,11.0,,1761628420,2,7wa28fol,,,,,0
8,98qlmu89,SUB04,0,130,130,q,final,2025-10-28 04:37:13.392116,1,,,2320.0,2,,0.0,3,,15.4,[],,1,14.0,,1761628420,2,7wa28fol,,,,,0
9,j6yqxxoi,SUB15,0,130,130,q,final,2025-10-28 04:37:13.415741,1,,,2487.0,3,,0.0,2,,10.4,[],,8,4.0,,1761628420,2,7wa28fol,,,,,0
10,bvednbk1,SUB17,0,130,130,q,final,2025-10-28 04:37:13.442131,1,,,800.0,2,,0.0,10,,7.8,[],,2,13.0,,1761628420,2,7wa28fol,,,,,0
11,6hwgynvg,SUB19,0,130,130,q,final,2025-10-28 04:37:13.470432,1,,,1460.0,3,,0.0,4,,13.8,[],,3,13.0,,1761628420,2,7wa28fol,,,,,0
12,at29pg4l,SUB16,0,130,130,q,final,2025-10-28 04:37:13.496932,1,,,1480.0,1,,0.0,3,,13.6,[],,4,11.0,,1761628420,2,7wa28fol,,,,,0
13,810fbjw6,SUB22,0,130,130,q,final,2025-10-28 04:37:13.525007,1,,,2000.0,1,,0.0,10,,8.4,[],,1,14.0,,1761628420,2,7wa28fol,,,,,0
14,8yzby83o,SUB20,0,130,130,q,final,2025-10-28 04:37:13.551884,1,,,2620.0,2,,0.0,1,,16.8,[],,3,13.0,,1761628420,2,7wa28fol,,,,,0
15,vuiqa7x4,SUB23,0,130,130,q,final,2025-10-28 04:37:13.579949,1,,,1460.0,1,,0.0,6,,13.6,[],,7,16.0,,1761628420,2,7wa28fol,,,,,0
16,m3zfocuy,SUB13,0,130,130,q,final,2025-10-28 04:37:13.606711,1,,,2040.0,1,,0.0,0,,11.8,[],,5,3.0,,1761628420,2,7wa28fol,,,,,0
17,4cmmq666,SUB07,0,130,130,q,final,2025-10-28 04:37:13.631939,1,,,2267.0,2,,0.0,3,,8.8,[],,5,3.0,,1761628420,2,7wa28fol,,,,,0
18,ozghf93m,SUB06,0,130,130,q,final,2025-10-28 04:37:13.661130,1,,,980.0,2,,0.0,10,,6.0,[],,6,10.0,,1761628420,2,7wa28fol,,,,,0
19,37sjrgfh,SUB24,0,130,130,q,final,2025-10-28 04:37:13.690041,1,,,1880.0,3,,0.0,1,,17.4,[],,1,14.0,,1761628420,2,7wa28fol,,,,,0
20,2f692ugv,SUB21,0,130,130,q,final,2025-10-28 04:37:13.717911,1,,,2520.0,2,,0.0,3,,16.6,[],,7,16.0,,1761628420,2,7wa28fol,,,,,0
21,9g4xodmv,SUB10,0,130,130,q,final,2025-10-28 04:37:13.745849,1,,,1280.0,3,,0.0,0,,16.0,[],,6,10.0,,1761628420,2,7wa28fol,,,,,0
22,m9yslktc,SUB14,0,130,130,q,final,2025-10-28 04:37:13.772840,1,,,2520.0,2,,0.0,5,,11.6,[],,4,11.0,,1761628420,2,7wa28fol,,,,,0
23,bnmnbdwn,SUB11,0,130,130,q,final,2025-10-28 04:37:13.800389,1,,,2627.0,2,,0.0,2,,10.4,[],,8,4.0,,1761628420,2,7wa28fol,,,,,0
24,mawud0wr,SUB18,0,130,130,q,final,2025-10-28 04:37:13.826536,1,,,1760.0,1,,0.0,8,,9.8,[],,3,13.0,,1761628420,2,7wa28fol,,,,,0
1,pqlytvkt,SUB08,0,130,130,q,final,2025-10-28 04:37:13.194279,1,,,1460.0,3,,0.0,2,,14.0,[],,8,10.0,,1761628486,3,7wa28fol,,,,,0
2,8o7i41ct,SUB03,0,130,130,q,final,2025-10-28 04:37:13.237567,1,,,1720.0,2,,0.0,1,,12.6,[],,4,6.0,,1761628485,3,7wa28fol,,,,,0
3,1vjsju3l,SUB05,0,130,130,q,final,2025-10-28 04:37:13.261018,1,,,1620.0,2,,0.0,5,,11.0,[],,8,10.0,,1761628486,3,7wa28fol,,,,,0
4,nq9qw4h0,SUB01,0,130,130,q,final,2025-10-28 04:37:13.288174,1,,,1720.0,2,,0.0,0,,11.2,[],,2,2.0,,1761628486,3,7wa28fol,,,,,0
5,d7l71r4q,SUB09,0,130,130,q,final,2025-10-28 04:37:13.311848,1,,,1800.0,1,,0.0,0,,17.8,[],,7,13.0,,1761628485,3,7wa28fol,,,,,0
6,gqj5hla1,SUB02,0,130,130,q,final,2025-10-28 04:37:13.338685,1,,,1780.0,1,,0.0,3,,13.0,[],,8,10.0,,1761628486,3,7wa28fol,,,,,0
7,pe2umqts,SUB12,0,130,130,q,final,2025-10-28 04:37:13.365542,1,,,2160.0,3,,0.0,3,,10.6,[],,5,6.0,,1761628485,3,7wa28fol,,,,,0
8,98qlmu89,SUB04,0,130,130,q,final,2025-10-28 04:37:13.392116,1,,,2320.0,1,,0.0,2,,12.8,[],,1,8.0,,1761628485,3,7wa28fol,,,,,0
9,j6yqxxoi,SUB15,0,130,130,q,final,2025-10-28 04:37:13.415741,1,,,2487.0,1,,0.0,2,,9.2,[],,2,2.0,,1761628486,3,7wa28fol,,,,,0
10,bvednbk1,SUB17,0,130,130,q,final,2025-10-28 04:37:13.442131,1,,,800.0,2,,0.0,10,,7.8,[],,7,13.0,,1761628485,3,7wa28fol,,,,,0
11,6hwgynvg,SUB19,0,130,130,q,final,2025-10-28 04:37:13.470432,1,,,1460.0,1,,0.0,3,,10.6,[],,4,6.0,,1761628485,3,7wa28fol,,,,,0
12,at29pg4l,SUB16,0,130,130,q,final,2025-10-28 04:37:13.496932,1,,,1480.0,2,,0.0,3,,9.4,[],,6,4.0,,1761628486,3,7wa28fol,,,,,0
13,810fbjw6,SUB22,0,130,130,q,final,2025-10-28 04:37:13.525007,1,,,2000.0,3,,0.0,0,,11.2,[],,2,2.0,,1761628486,3,7wa28fol,,,,,0
14,8yzby83o,SUB20,0,130,130,q,final,2025-10-28 04:37:13.551884,1,,,2620.0,2,,0.0,1,,13.8,[],,1,8.0,,1761628485,3,7wa28fol,,,,,0
15,vuiqa7x4,SUB23,0,130,130,q,final,2025-10-28 04:37:13.579949,1,,,1460.0,3,,0.0,2,,11.6,[],,4,6.0,,1761628485,3,7wa28fol,,,,,0
16,m3zfocuy,SUB13,0,130,130,q,final,2025-10-28 04:37:13.606711,1,,,2040.0,2,,0.0,0,,13.6,[],,5,6.0,,1761628485,3,7wa28fol,,,,,0
17,4cmmq666,SUB07,0,130,130,q,final,2025-10-28 04:37:13.631939,1,,,2267.0,3,,0.0,5,,9.8,[],,1,8.0,,1761628485,3,7wa28fol,,,,,0
18,ozghf93m,SUB06,0,130,130,q,final,2025-10-28 04:37:13.661130,1,,,980.0,1,,0.0,10,,7.8,[],,3,13.0,,1761628485,3,7wa28fol,,,,,0
19,37sjrgfh,SUB24,0,130,130,q,final,2025-10-28 04:37:13.690041,1,,,1880.0,3,,0.0,0,,12.4,[],,6,4.0,,1761628486,3,7wa28fol,,,,,0
20,2f692ugv,SUB21,0,130,130,q,final,2025-10-28 04:37:13.717911,1,,,2520.0,1,,0.0,3,,10.6,[],,5,6.0,,1761628485,3,7wa28fol,,,,,0
21,9g4xodmv,SUB10,0,130,130,q,final,2025-10-28 04:37:13.745849,1,,,1280.0,3,,0.0,0,,17.8,[],,3,13.0,,1761628485,3,7wa28fol,,,,,0
22,m9yslktc,SUB14,0,130,130,q,final,2025-10-28 04:37:13.772840,1,,,2520.0,3,,0.0,3,,14.8,[],,7,13.0,,1761628485,3,7wa28fol,,,,,0
23,bnmnbdwn,SUB11,0,130,130,q,final,2025-10-28 04:37:13.800389,1,,,2627.0,1,,0.0,1,,11.4,[],,6,4.0,,1761628486,3,7wa28fol,,,,,0
24,mawud0wr,SUB18,0,130,130,q,final,2025-10-28 04:37:13.826536,1,,,1760.0,2,,0.0,3,,14.8,[],,3,13.0,,1761628485,3,7wa28fol,,,,,0
1,pqlytvkt,SUB08,0,130,130,q,final,2025-10-28 04:37:13.194279,1,,,1460.0,2,,0.0,3,,14.8,[],,2,13.0,,1761628533,4,7wa28fol,,,,,0
2,8o7i41ct,SUB03,0,130,130,q,final,2025-10-28 04:37:13.237567,1,,,1720.0,1,,0.0,2,,12.2,[],,7,7.0,,1761628534,4,7wa28fol,,,,,0
3,1vjsju3l,SUB05,0,130,130,q,final,2025-10-28 04:37:13.261018,1,,,1620.0,1,,0.0,5,,15.2,[],,1,17.0,,1761628533,4,7wa28fol,,,,,0
4,nq9qw4h0,SUB01,0,130,130,q,final,2025-10-28 04:37:13.288174,1,,,1720.0,2,,0.0,0,,10.6,[],,4,1.0,,1761628533,4,7wa28fol,,,,,0
5,d7l71r4q,SUB09,0,130,130,q,final,2025-10-28 04:37:13.311848,1,,,1800.0,3,,0.0,0,,12.4,[],,5,4.0,,1761628533,4,7wa28fol,,,,,0
6,gqj5hla1,SUB02,0,130,130,q,final,2025-10-28 04:37:13.338685,1,,,1780.0,3,,0.0,3,,11.8,[],,6,8.0,,1761628534,4,7wa28fol,,,,,0
7,pe2umqts,SUB12,0,130,130,q,final,2025-10-28 04:37:13.365542,1,,,2160.0,2,,0.0,2,,9.2,[],,3,2.0,,1761628533,4,7wa28fol,,,,,0
8,98qlmu89,SUB04,0,130,130,q,final,2025-10-28 04:37:13.392116,1,,,2320.0,1,,0.0,2,,12.8,[],,6,8.0,,1761628534,4,7wa28fol,,,,,0
9,j6yqxxoi,SUB15,0,130,130,q,final,2025-10-28 04:37:13.415741,1,,,2487.0,2,,0.0,2,,18.2,[],,1,17.0,,1761628533,4,7wa28fol,,,,,0
10,bvednbk1,SUB17,0,130,130,q,final,2025-10-28 04:37:13.442131,1,,,800.0,1,,0.0,10,,7.8,[],,2,13.0,,1761628533,4,7wa28fol,,,,,0
11,6hwgynvg,SUB19,0,130,130,q,final,2025-10-28 04:37:13.470432,1,,,1460.0,3,,0.0,0,,14.2,[],,7,7.0,,1761628534,4,7wa28fol,,,,,0
12,at29pg4l,SUB16,0,130,130,q,final,2025-10-28 04:37:13.496932,1,,,1480.0,1,,0.0,1,,9.6,[],,4,1.0,,1761628533,4,7wa28fol,,,,,0
13,810fbjw6,SUB22,0,130,130,q,final,2025-10-28 04:37:13.525007,1,,,2000.0,1,,0.0,0,,12.4,[],,5,4.0,,1761628533,4,7wa28fol,,,,,0
14,8yzby83o,SUB20,0,130,130,q,final,2025-10-28 04:37:13.551884,1,,,2620.0,2,,0.0,4,,8.4,[],,5,4.0,,1761628533,4,7wa28fol,,,,,0
15,vuiqa7x4,SUB23,0,130,130,q,final,2025-10-28 04:37:13.579949,1,,,1460.0,2,,0.0,3,,11.8,[],,6,8.0,,1761628534,4,7wa28fol,,,,,0
16,m3zfocuy,SUB13,0,130,130,q,final,2025-10-28 04:37:13.606711,1,,,2040.0,3,,0.0,0,,17.8,[],,2,13.0,,1761628533,4,7wa28fol,,,,,0
17,4cmmq666,SUB07,0,130,130,q,final,2025-10-28 04:37:13.631939,1,,,2267.0,3,,0.0,0,,11.2,[],,3,2.0,,1761628533,4,7wa28fol,,,,,0
18,ozghf93m,SUB06,0,130,130,q,final,2025-10-28 04:37:13.661130,1,,,980.0,3,,0.0,10,,10.2,[],,1,17.0,,1761628533,4,7wa28fol,,,,,0
19,37sjrgfh,SUB24,0,130,130,q,final,2025-10-28 04:37:13.690041,1,,,1880.0,3,,0.0,0,,10.6,[],,4,1.0,,1761628533,4,7wa28fol,,,,,0
20,2f692ugv,SUB21,0,130,130,q,final,2025-10-28 04:37:13.717911,1,,,2520.0,3,,0.0,0,,14.8,[],,8,8.0,,1761628533,4,7wa28fol,,,,,0
21,9g4xodmv,SUB10,0,130,130,q,final,2025-10-28 04:37:13.745849,1,,,1280.0,1,,0.0,0,,11.2,[],,3,2.0,,1761628533,4,7wa28fol,,,,,0
22,m9yslktc,SUB14,0,130,130,q,final,2025-10-28 04:37:13.772840,1,,,2520.0,2,,0.0,5,,9.2,[],,7,7.0,,1761628534,4,7wa28fol,,,,,0
23,bnmnbdwn,SUB11,0,130,130,q,final,2025-10-28 04:37:13.800389,1,,,2627.0,2,,0.0,3,,11.8,[],,8,8.0,,1761628533,4,7wa28fol,,,,,0
24,mawud0wr,SUB18,0,130,130,q,final,2025-10-28 04:37:13.826536,1,,,1760.0,1,,0.0,5,,9.8,[],,8,8.0,,1761628533,4,7wa28fol,,,,,0
1,pqlytvkt,SUB08,0,130,130,q,final,2025-10-28 04:37:13.194279,1,,,1460.0,2,,0.0,0,,12.4,[],,2,4.0,,1761628593,5,7wa28fol,,,,,0
2,8o7i41ct,SUB03,0,130,130,q,final,2025-10-28 04:37:13.237567,1,,,1720.0,1,,0.0,0,,10.0,[],,7,0.0,,1761628594,5,7wa28fol,,,,,0
3,1vjsju3l,SUB05,0,130,130,q,final,2025-10-28 04:37:13.261018,1,,,1620.0,1,,0.0,7,,7.2,[],,4,7.0,,1761628593,5,7wa28fol,,,,,0
4,nq9qw4h0,SUB01,0,130,130,q,final,2025-10-28 04:37:13.288174,1,,,1720.0,3,,0.0,0,,10.6,[],,1,1.0,,1761628593,5,7wa28fol,,,,,0
5,d7l71r4q,SUB09,0,130,130,q,final,2025-10-28 04:37:13.311848,1,,,1800.0,3,,0.0,0,,13.0,[],,3,5.0,,1761628593,5,7wa28fol,,,,,0
6,gqj5hla1,SUB02,0,130,130,q,final,2025-10-28 04:37:13.338685,1,,,1780.0,3,,0.0,2,,12.8,[],,6,8.0,,1761628593,5,7wa28fol,,,,,0
7,pe2umqts,SUB12,0,130,130,q,final,2025-10-28 04:37:13.365542,1,,,2160.0,3,,0.0,0,,10.0,[],,7,0.0,,1761628594,5,7wa28fol,,,,,0
8,98qlmu89,SUB04,0,130,130,q,final,2025-10-28 04:37:13.392116,1,,,2320.0,2,,0.0,1,,9.6,[],,1,1.0,,1761628593,5,7wa28fol,,,,,0
9,j6yqxxoi,SUB15,0,130,130,q,final,2025-10-28 04:37:13.415741,1,,,2487.0,3,,0.0,2,,12.2,[],,8,7.0,,1761628593,5,7wa28fol,,,,,0
10,bvednbk1,SUB17,0,130,130,q,final,2025-10-28 04:37:13.442131,1,,,800.0,3,,0.0,10,,10.8,[],,5,18.0,,1761628594,5,7wa28fol,,,,,0
11,6hwgynvg,SUB19,0,130,130,q,final,2025-10-28 04:37:13.470432,1,,,1460.0,1,,0.0,0,,14.2,[],,8,7.0,,1761628593,5,7wa28fol,,,,,0
12,at29pg4l,SUB16,0,130,130,q,final,2025-10-28 04:37:13.496932,1,,,1480.0,3,,0.0,0,,12.4,[],,2,4.0,,1761628593,5,7wa28fol,,,,,0
13,810fbjw6,SUB22,0,130,130,q,final,2025-10-28 04:37:13.525007,1,,,2000.0,1,,0.0,2,,11.0,[],,3,5.0,,1761628593,5,7wa28fol,,,,,0
14,8yzby83o,SUB20,0,130,130,q,final,2025-10-28 04:37:13.551884,1,,,2620.0,1,,0.0,4,,8.4,[],,2,4.0,,1761628593,5,7wa28fol,,,,,0
15,vuiqa7x4,SUB23,0,130,130,q,final,2025-10-28 04:37:13.579949,1,,,1460.0,1,,0.0,6,,8.8,[],,6,8.0,,1761628593,5,7wa28fol,,,,,0
16,m3zfocuy,SUB13,0,130,130,q,final,2025-10-28 04:37:13.606711,1,,,2040.0,2,,0.0,0,,10.0,[],,7,0.0,,1761628594,5,7wa28fol,,,,,0
17,4cmmq666,SUB07,0,130,130,q,final,2025-10-28 04:37:13.631939,1,,,2267.0,2,,0.0,0,,20.8,[],,5,18.0,,1761628594,5,7wa28fol,,,,,0
18,ozghf93m,SUB06,0,130,130,q,final,2025-10-28 04:37:13.661130,1,,,980.0,2,,0.0,5,,9.2,[],,8,7.0,,1761628593,5,7wa28fol,,,,,0
19,37sjrgfh,SUB24,0,130,130,q,final,2025-10-28 04:37:13.690041,1,,,1880.0,1,,0.0,0,,10.6,[],,1,1.0,,1761628593,5,7wa28fol,,,,,0
20,2f692ugv,SUB21,0,130,130,q,final,2025-10-28 04:37:13.717911,1,,,2520.0,2,,0.0,3,,10.0,[],,3,5.0,,1761628593,5,7wa28fol,,,,,0
21,9g4xodmv,SUB10,0,130,130,q,final,2025-10-28 04:37:13.745849,1,,,1280.0,2,,0.0,0,,14.8,[],,6,8.0,,1761628593,5,7wa28fol,,,,,0
22,m9yslktc,SUB14,0,130,130,q,final,2025-10-28 04:37:13.772840,1,,,2520.0,2,,0.0,0,,14.2,[],,4,7.0,,1761628593,5,7wa28fol,,,,,0
23,bnmnbdwn,SUB11,0,130,130,q,final,2025-10-28 04:37:13.800389,1,,,2627.0,3,,0.0,0,,14.2,[],,4,7.0,,1761628593,5,7wa28fol,,,,,0
24,mawud0wr,SUB18,0,130,130,q,final,2025-10-28 04:37:13.826536,1,,,1760.0,1,,0.0,8,,12.8,[],,5,18.0,,1761628594,5,7wa28fol,,,,,0
1,pqlytvkt,SUB08,0,130,130,q,final,2025-10-28 04:37:13.194279,1,,,1460.0,2,,0.0,0,,10.0,[],,6,0.0,,1761628678,6,7wa28fol,,,,,0
2,8o7i41ct,SUB03,0,130,130,q,final,2025-10-28 04:37:13.237567,1,,,1720.0,1,,0.0,0,,11.2,[],,7,2.0,,1761628678,6,7wa28fol,,,,,0
3,1vjsju3l,SUB05,0,130,130,q,final,2025-10-28 04:37:13.261018,1,,,1620.0,1,,0.0,0,,10.0,[],,6,0.0,,1761628678,6,7wa28fol,,,,,0
4,nq9qw4h0,SUB01,0,130,130,q,final,2025-10-28 04:37:13.288174,1,,,1720.0,1,,0.0,0,,11.2,[],,2,2.0,,1761628678,6,7wa28fol,,,,,0
5,d7l71r4q,SUB09,0,130,130,q,final,2025-10-28 04:37:13.311848,1,,,1800.0,1,,0.0,0,,12.4,[],,3,4.0,,1761628677,6,7wa28fol,,,,,0
6,gqj5hla1,SUB02,0,130,130,q,final,2025-10-28 04:37:13.338685,1,,,1780.0,2,,0.0,1,,9.6,[],,5,1.0,,1761628678,6,7wa28fol,,,,,0
7,pe2umqts,SUB12,0,130,130,q,final,2025-10-28 04:37:13.365542,1,,,2160.0,3,,0.0,0,,10.0,[],,6,0.0,,1761628678,6,7wa28fol,,,,,0
8,98qlmu89,SUB04,0,130,130,q,final,2025-10-28 04:37:13.392116,1,,,2320.0,2,,0.0,0,,10.0,[],,1,0.0,,1761628677,6,7wa28fol,,,,,0
9,j6yqxxoi,SUB15,0,130,130,q,final,2025-10-28 04:37:13.415741,1,,,2487.0,2,,0.0,2,,9.2,[],,7,2.0,,1761628678,6,7wa28fol,,,,,0
10,bvednbk1,SUB17,0,130,130,q,final,2025-10-28 04:37:13.442131,1,,,800.0,1,,0.0,10,,6.0,[],,8,10.0,,1761628677,6,7wa28fol,,,,,0
11,6hwgynvg,SUB19,0,130,130,q,final,2025-10-28 04:37:13.470432,1,,,1460.0,2,,0.0,0,,11.8,[],,4,3.0,,1761628677,6,7wa28fol,,,,,0
12,at29pg4l,SUB16,0,130,130,q,final,2025-10-28 04:37:13.496932,1,,,1480.0,2,,0.0,2,,9.2,[],,2,2.0,,1761628678,6,7wa28fol,,,,,0
13,810fbjw6,SUB22,0,130,130,q,final,2025-10-28 04:37:13.525007,1,,,2000.0,1,,0.0,0,,10.6,[],,5,1.0,,1761628678,6,7wa28fol,,,,,0
14,8yzby83o,SUB20,0,130,130,q,final,2025-10-28 04:37:13.551884,1,,,2620.0,3,,0.0,0,,10.0,[],,1,0.0,,1761628677,6,7wa28fol,,,,,0
15,vuiqa7x4,SUB23,0,130,130,q,final,2025-10-28 04:37:13.579949,1,,,1460.0,3,,0.0,0,,10.6,[],,5,1.0,,1761628678,6,7wa28fol,,,,,0
16,m3zfocuy,SUB13,0,130,130,q,final,2025-10-28 04:37:13.606711,1,,,2040.0,3,,0.0,0,,11.2,[],,2,2.0,,1761628678,6,7wa28fol,,,,,0
17,4cmmq666,SUB07,0,130,130,q,final,2025-10-28 04:37:13.631939,1,,,2267.0,3,,0.0,0,,11.8,[],,4,3.0,,1761628677,6,7wa28fol,,,,,0
18,ozghf93m,SUB06,0,130,130,q,final,2025-10-28 04:37:13.661130,1,,,980.0,1,,0.0,0,,10.0,[],,1,0.0,,1761628677,6,7wa28fol,,,,,0
19,37sjrgfh,SUB24,0,130,130,q,final,2025-10-28 04:37:13.690041,1,,,1880.0,3,,0.0,0,,16.0,[],,8,10.0,,1761628677,6,7wa28fol,,,,,0
20,2f692ugv,SUB21,0,130,130,q,final,2025-10-28 04:37:13.717911,1,,,2520.0,1,,0.0,3,,8.8,[],,4,3.0,,1761628677,6,7wa28fol,,,,,0
21,9g4xodmv,SUB10,0,130,130,q,final,2025-10-28 04:37:13.745849,1,,,1280.0,3,,0.0,0,,11.2,[],,7,2.0,,1761628678,6,7wa28fol,,,,,0
22,m9yslktc,SUB14,0,130,130,q,final,2025-10-28 04:37:13.772840,1,,,2520.0,2,,0.0,0,,16.0,[],,8,10.0,,1761628677,6,7wa28fol,,,,,0
23,bnmnbdwn,SUB11,0,130,130,q,final,2025-10-28 04:37:13.800389,1,,,2627.0,3,,0.0,2,,10.4,[],,3,4.0,,1761628677,6,7wa28fol,,,,,0
24,mawud0wr,SUB18,0,130,130,q,final,2025-10-28 04:37:13.826536,1,,,1760.0,2,,0.0,2,,10.4,[],,3,4.0,,1761628677,6,7wa28fol,,,,,0
1,pqlytvkt,SUB08,0,130,130,q,final,2025-10-28 04:37:13.194279,1,,,1460.0,3,,0.0,0,,10.6,[],,6,1.0,,1761628713,7,7wa28fol,,,,,0
2,8o7i41ct,SUB03,0,130,130,q,final,2025-10-28 04:37:13.237567,1,,,1720.0,2,,0.0,1,,9.6,[],,6,1.0,,1761628713,7,7wa28fol,,,,,0
3,1vjsju3l,SUB05,0,130,130,q,final,2025-10-28 04:37:13.261018,1,,,1620.0,3,,0.0,2,,9.2,[],,3,2.0,,1761628713,7,7wa28fol,,,,,0
4,nq9qw4h0,SUB01,0,130,130,q,final,2025-10-28 04:37:13.288174,1,,,1720.0,3,,0.0,0,,10.0,[],,2,0.0,,1761628713,7,7wa28fol,,,,,0
5,d7l71r4q,SUB09,0,130,130,q,final,2025-10-28 04:37:13.311848,1,,,1800.0,3,,0.0,0,,10.0,[],,7,0.0,,1761628713,7,7wa28fol,,,,,0
6,gqj5hla1,SUB02,0,130,130,q,final,2025-10-28 04:37:13.338685,1,,,1780.0,1,,0.0,0,,10.0,[],,4,0.0,,1761628713,7,7wa28fol,,,,,0
7,pe2umqts,SUB12,0,130,130,q,final,2025-10-28 04:37:13.365542,1,,,2160.0,3,,0.0,0,,10.6,[],,5,1.0,,1761628713,7,7wa28fol,,,,,0
8,98qlmu89,SUB04,0,130,130,q,final,2025-10-28 04:37:13.392116,1,,,2320.0,1,,0.0,0,,10.0,[],,2,0.0,,1761628713,7,7wa28fol,,,,,0
9,j6yqxxoi,SUB15,0,130,130,q,final,2025-10-28 04:37:13.415741,1,,,2487.0,3,,0.0,2,,20.0,[],,8,20.0,,1761628713,7,7wa28fol,,,,,0
10,bvednbk1,SUB17,0,130,130,q,final,2025-10-28 04:37:13.442131,1,,,800.0,1,,0.0,10,,12.0,[],,8,20.0,,1761628713,7,7wa28fol,,,,,0
11,6hwgynvg,SUB19,0,130,130,q,final,2025-10-28 04:37:13.470432,1,,,1460.0,3,,0.0,0,,10.0,[],,4,0.0,,1761628713,7,7wa28fol,,,,,0
12,at29pg4l,SUB16,0,130,130,q,final,2025-10-28 04:37:13.496932,1,,,1480.0,1,,0.0,0,,11.2,[],,3,2.0,,1761628713,7,7wa28fol,,,,,0
13,810fbjw6,SUB22,0,130,130,q,final,2025-10-28 04:37:13.525007,1,,,2000.0,2,,0.0,0,,11.2,[],,3,2.0,,1761628713,7,7wa28fol,,,,,0
14,8yzby83o,SUB20,0,130,130,q,final,2025-10-28 04:37:13.551884,1,,,2620.0,1,,0.0,0,,10.6,[],,6,1.0,,1761628713,7,7wa28fol,,,,,0
15,vuiqa7x4,SUB23,0,130,130,q,final,2025-10-28 04:37:13.579949,1,,,1460.0,3,,0.0,0,,10.6,[],,1,1.0,,1761628713,7,7wa28fol,,,,,0
16,m3zfocuy,SUB13,0,130,130,q,final,2025-10-28 04:37:13.606711,1,,,2040.0,2,,0.0,0,,10.0,[],,4,0.0,,1761628713,7,7wa28fol,,,,,0
17,4cmmq666,SUB07,0,130,130,q,final,2025-10-28 04:37:13.631939,1,,,2267.0,1,,0.0,0,,10.6,[],,1,1.0,,1761628713,7,7wa28fol,,,,,0
18,ozghf93m,SUB06,0,130,130,q,final,2025-10-28 04:37:13.661130,1,,,980.0,1,,0.0,0,,10.6,[],,5,1.0,,1761628713,7,7wa28fol,,,,,0
19,37sjrgfh,SUB24,0,130,130,q,final,2025-10-28 04:37:13.690041,1,,,1880.0,2,,0.0,0,,10.0,[],,2,0.0,,1761628713,7,7wa28fol,,,,,0
20,2f692ugv,SUB21,0,130,130,q,final,2025-10-28 04:37:13.717911,1,,,2520.0,1,,0.0,0,,10.0,[],,7,0.0,,1761628713,7,7wa28fol,,,,,0
21,9g4xodmv,SUB10,0,130,130,q,final,2025-10-28 04:37:13.745849,1,,,1280.0,2,,0.0,0,,10.0,[],,7,0.0,,1761628713,7,7wa28fol,,,,,0
22,m9yslktc,SUB14,0,130,130,q,final,2025-10-28 04:37:13.772840,1,,,2520.0,2,,0.0,1,,9.6,[],,5,1.0,,1761628713,7,7wa28fol,,,,,0
23,bnmnbdwn,SUB11,0,130,130,q,final,2025-10-28 04:37:13.800389,1,,,2627.0,2,,0.0,1,,9.6,[],,1,1.0,,1761628713,7,7wa28fol,,,,,0
24,mawud0wr,SUB18,0,130,130,q,final,2025-10-28 04:37:13.826536,1,,,1760.0,2,,0.0,8,,14.0,[],,8,20.0,,1761628713,7,7wa28fol,,,,,0
1,pqlytvkt,SUB08,0,130,130,q,final,2025-10-28 04:37:13.194279,1,,,1460.0,1,,0.0,0,,10.0,[],,5,0.0,,1761628747,8,7wa28fol,,,,,0
2,8o7i41ct,SUB03,0,130,130,q,final,2025-10-28 04:37:13.237567,1,,,1720.0,3,,0.0,0,,10.0,[],,5,0.0,,1761628747,8,7wa28fol,,,,,0
3,1vjsju3l,SUB05,0,130,130,q,final,2025-10-28 04:37:13.261018,1,,,1620.0,2,,0.0,0,,10.0,[],,3,0.0,,1761628747,8,7wa28fol,,,,,0
4,nq9qw4h0,SUB01,0,130,130,q,final,2025-10-28 04:37:13.288174,1,,,1720.0,3,,0.0,0,,11.2,[],,7,2.0,,1761628747,8,7wa28fol,,,,,0
5,d7l71r4q,SUB09,0,130,130,q,final,2025-10-28 04:37:13.311848,1,,,1800.0,1,,0.0,0,,10.0,[],,3,0.0,,1761628747,8,7wa28fol,,,,,0
6,gqj5hla1,SUB02,0,130,130,q,final,2025-10-28 04:37:13.338685,1,,,1780.0,1,,0.0,0,,10.0,[],,4,0.0,,1761628747,8,7wa28fol,,,,,0
7,pe2umqts,SUB12,0,130,130,q,final,2025-10-28 04:37:13.365542,1,,,2160.0,2,,0.0,0,,10.0,[],,4,0.0,,1761628747,8,7wa28fol,,,,,0
8,98qlmu89,SUB04,0,130,130,q,final,2025-10-28 04:37:13.392116,1,,,2320.0,2,,0.0,0,,10.0,[],,1,0.0,,1761628747,8,7wa28fol,,,,,0
9,j6yqxxoi,SUB15,0,130,130,q,final,2025-10-28 04:37:13.415741,1,,,2487.0,1,,0.0,2,,9.2,[],,7,2.0,,1761628747,8,7wa28fol,,,,,0
10,bvednbk1,SUB17,0,130,130,q,final,2025-10-28 04:37:13.442131,1,,,800.0,3,,0.0,10,,6.0,[],,6,10.0,,1761628747,8,7wa28fol,,,,,0
11,6hwgynvg,SUB19,0,130,130,q,final,2025-10-28 04:37:13.470432,1,,,1460.0,2,,0.0,0,,16.0,[],,6,10.0,,1761628747,8,7wa28fol,,,,,0
12,at29pg4l,SUB16,0,130,130,q,final,2025-10-28 04:37:13.496932,1,,,1480.0,3,,0.0,0,,10.0,[],,1,0.0,,1761628747,8,7wa28fol,,,,,0
13,810fbjw6,SUB22,0,130,130,q,final,2025-10-28 04:37:13.525007,1,,,2000.0,3,,0.0,0,,10.0,[],,2,0.0,,1761628747,8,7wa28fol,,,,,0
14,8yzby83o,SUB20,0,130,130,q,final,2025-10-28 04:37:13.551884,1,,,2620.0,3,,0.0,0,,10.0,[],,3,0.0,,1761628747,8,7wa28fol,,,,,0
15,vuiqa7x4,SUB23,0,130,130,q,final,2025-10-28 04:37:13.579949,1,,,1460.0,1,,0.0,0,,16.0,[],,6,10.0,,1761628747,8,7wa28fol,,,,,0
16,m3zfocuy,SUB13,0,130,130,q,final,2025-10-28 04:37:13.606711,1,,,2040.0,3,,0.0,0,,14.8,[],,8,8.0,,1761628747,8,7wa28fol,,,,,0
17,4cmmq666,SUB07,0,130,130,q,final,2025-10-28 04:37:13.631939,1,,,2267.0,2,,0.0,0,,10.0,[],,5,0.0,,1761628747,8,7wa28fol,,,,,0
18,ozghf93m,SUB06,0,130,130,q,final,2025-10-28 04:37:13.661130,1,,,980.0,2,,0.0,0,,11.2,[],,7,2.0,,1761628747,8,7wa28fol,,,,,0
19,37sjrgfh,SUB24,0,130,130,q,final,2025-10-28 04:37:13.690041,1,,,1880.0,2,,0.0,0,,14.8,[],,8,8.0,,1761628747,8,7wa28fol,,,,,0
20,2f692ugv,SUB21,0,130,130,q,final,2025-10-28 04:37:13.717911,1,,,2520.0,2,,0.0,0,,10.0,[],,2,0.0,,1761628747,8,7wa28fol,,,,,0
21,9g4xodmv,SUB10,0,130,130,q,final,2025-10-28 04:37:13.745849,1,,,1280.0,3,,0.0,0,,10.0,[],,4,0.0,,1761628747,8,7wa28fol,,,,,0
22,m9yslktc,SUB14,0,130,130,q,final,2025-10-28 04:37:13.772840,1,,,2520.0,1,,0.0,0,,10.0,[],,2,0.0,,1761628747,8,7wa28fol,,,,,0
23,bnmnbdwn,SUB11,0,130,130,q,final,2025-10-28 04:37:13.800389,1,,,2627.0,1,,0.0,0,,10.0,[],,1,0.0,,1761628747,8,7wa28fol,,,,,0
24,mawud0wr,SUB18,0,130,130,q,final,2025-10-28 04:37:13.826536,1,,,1760.0,1,,0.0,8,,6.8,[],,8,8.0,,1761628747,8,7wa28fol,,,,,0
1,pqlytvkt,SUB08,0,130,130,q,final,2025-10-28 04:37:13.194279,1,,,1460.0,3,,0.0,0,,10.0,[],,2,0.0,,1761628800,9,7wa28fol,,,,,0
2,8o7i41ct,SUB03,0,130,130,q,final,2025-10-28 04:37:13.237567,1,,,1720.0,1,,0.0,0,,10.6,[],,5,1.0,,1761628800,9,7wa28fol,,,,,0
3,1vjsju3l,SUB05,0,130,130,q,final,2025-10-28 04:37:13.261018,1,,,1620.0,3,,0.0,1,,9.6,[],,5,1.0,,1761628800,9,7wa28fol,,,,,0
4,nq9qw4h0,SUB01,0,130,130,q,final,2025-10-28 04:37:13.288174,1,,,1720.0,2,,0.0,0,,10.0,[],,2,0.0,,1761628800,9,7wa28fol,,,,,0
5,d7l71r4q,SUB09,0,130,130,q,final,2025-10-28 04:37:13.311848,1,,,1800.0,1,,0.0,0,,10.0,[],,8,0.0,,1761628800,9,7wa28fol,,,,,0
6,gqj5hla1,SUB02,0,130,130,q,final,2025-10-28 04:37:13.338685,1,,,1780.0,2,,0.0,0,,10.0,[],,8,0.0,,1761628800,9,7wa28fol,,,,,0
7,pe2umqts,SUB12,0,130,130,q,final,2025-10-28 04:37:13.365542,1,,,2160.0,1,,0.0,0,,16.0,[],,7,10.0,,1761628800,9,7wa28fol,,,,,0
8,98qlmu89,SUB04,0,130,130,q,final,2025-10-28 04:37:13.392116,1,,,2320.0,2,,0.0,0,,16.0,[],,7,10.0,,1761628800,9,7wa28fol,,,,,0
9,j6yqxxoi,SUB15,0,130,130,q,final,2025-10-28 04:37:13.415741,1,,,2487.0,3,,0.0,2,,9.2,[],,6,2.0,,1761628799,9,7wa28fol,,,,,0
10,bvednbk1,SUB17,0,130,130,q,final,2025-10-28 04:37:13.442131,1,,,800.0,3,,0.0,10,,6.0,[],,7,10.0,,1761628800,9,7wa28fol,,,,,0
11,6hwgynvg,SUB19,0,130,130,q,final,2025-10-28 04:37:13.470432,1,,,1460.0,3,,0.0,0,,10.0,[],,8,0.0,,1761628800,9,7wa28fol,,,,,0
12,at29pg4l,SUB16,0,130,130,q,final,2025-10-28 04:37:13.496932,1,,,1480.0,3,,0.0,0,,14.8,[],,1,8.0,,1761628799,9,7wa28fol,,,,,0
13,810fbjw6,SUB22,0,130,130,q,final,2025-10-28 04:37:13.525007,1,,,2000.0,2,,0.0,0,,10.0,[],,3,0.0,,1761628800,9,7wa28fol,,,,,0
14,8yzby83o,SUB20,0,130,130,q,final,2025-10-28 04:37:13.551884,1,,,2620.0,2,,0.0,0,,11.2,[],,4,2.0,,1761628800,9,7wa28fol,,,,,0
15,vuiqa7x4,SUB23,0,130,130,q,final,2025-10-28 04:37:13.579949,1,,,1460.0,3,,0.0,2,,9.2,[],,4,2.0,,1761628800,9,7wa28fol,,,,,0
16,m3zfocuy,SUB13,0,130,130,q,final,2025-10-28 04:37:13.606711,1,,,2040.0,2,,0.0,0,,11.2,[],,6,2.0,,1761628799,9,7wa28fol,,,,,0
17,4cmmq666,SUB07,0,130,130,q,final,2025-10-28 04:37:13.631939,1,,,2267.0,2,,0.0,0,,10.6,[],,5,1.0,,1761628800,9,7wa28fol,,,,,0
18,ozghf93m,SUB06,0,130,130,q,final,2025-10-28 04:37:13.661130,1,,,980.0,1,,0.0,0,,11.2,[],,4,2.0,,1761628800,9,7wa28fol,,,,,0
19,37sjrgfh,SUB24,0,130,130,q,final,2025-10-28 04:37:13.690041,1,,,1880.0,3,,0.0,0,,10.0,[],,3,0.0,,1761628800,9,7wa28fol,,,,,0
20,2f692ugv,SUB21,0,130,130,q,final,2025-10-28 04:37:13.717911,1,,,2520.0,2,,0.0,0,,14.8,[],,1,8.0,,1761628799,9,7wa28fol,,,,,0
21,9g4xodmv,SUB10,0,130,130,q,final,2025-10-28 04:37:13.745849,1,,,1280.0,1,,0.0,0,,11.2,[],,6,2.0,,1761628799,9,7wa28fol,,,,,0
22,m9yslktc,SUB14,0,130,130,q,final,2025-10-28 04:37:13.772840,1,,,2520.0,1,,0.0,0,,10.0,[],,2,0.0,,1761628800,9,7wa28fol,,,,,0
23,bnmnbdwn,SUB11,0,130,130,q,final,2025-10-28 04:37:13.800389,1,,,2627.0,1,,0.0,0,,10.0,[],,3,0.0,,1761628800,9,7wa28fol,,,,,0
24,mawud0wr,SUB18,0,130,130,q,final,2025-10-28 04:37:13.826536,1,,,1760.0,1,,0.0,8,,6.8,[],,1,8.0,,1761628799,9,7wa28fol,,,,,0
1,pqlytvkt,SUB08,0,130,130,q,final,2025-10-28 04:37:13.194279,1,,,1460.0,3,,1060.0,0,,10.0,[],7,4,0.0,,1761628848,10,7wa28fol,,,,,0
2,8o7i41ct,SUB03,0,130,130,q,final,2025-10-28 04:37:13.237567,1,,,1720.0,2,,1120.0,0,,11.2,[],10,5,2.0,,1761628848,10,7wa28fol,,,,,0
3,1vjsju3l,SUB05,0,130,130,q,final,2025-10-28 04:37:13.261018,1,,,1620.0,1,,1220.0,2,,15.2,[],1,7,12.0,,1761628848,10,7wa28fol,,,,,0
4,nq9qw4h0,SUB01,0,130,130,q,final,2025-10-28 04:37:13.288174,1,,,1720.0,1,,1120.0,0,,11.8,[],8,6,3.0,,1761628848,10,7wa28fol,,,,,0
5,d7l71r4q,SUB09,0,130,130,q,final,2025-10-28 04:37:13.311848,1,,,1800.0,1,,1240.0,0,,10.0,[],6,4,0.0,,1761628848,10,7wa28fol,,,,,0
6,gqj5hla1,SUB02,0,130,130,q,final,2025-10-28 04:37:13.338685,1,,,1780.0,1,,1180.0,0,,11.2,[],4,5,2.0,,1761628848,10,7wa28fol,,,,,0
7,pe2umqts,SUB12,0,130,130,q,final,2025-10-28 04:37:13.365542,1,,,2160.0,2,,1600.0,0,,10.0,[],9,1,0.0,,1761628848,10,7wa28fol,,,,,0
8,98qlmu89,SUB04,0,130,130,q,final,2025-10-28 04:37:13.392116,1,,,2320.0,2,,1720.0,10,,7.2,[],1,7,12.0,,1761628848,10,7wa28fol,,,,,0
9,j6yqxxoi,SUB15,0,130,130,q,final,2025-10-28 04:37:13.415741,1,,,2487.0,3,,1220.0,2,,9.2,[],5,5,2.0,,1761628848,10,7wa28fol,,,,,0
10,bvednbk1,SUB17,0,130,130,q,final,2025-10-28 04:37:13.442131,1,,,800.0,3,,600.0,10,,6.0,[],8,8,10.0,,1761628848,10,7wa28fol,,,,,0
11,6hwgynvg,SUB19,0,130,130,q,final,2025-10-28 04:37:13.470432,1,,,1460.0,2,,1000.0,0,,11.8,[],9,6,3.0,,1761628848,10,7wa28fol,,,,,0
12,at29pg4l,SUB16,0,130,130,q,final,2025-10-28 04:37:13.496932,1,,,1480.0,3,,880.0,3,,8.8,[],10,6,3.0,,1761628848,10,7wa28fol,,,,,0
13,810fbjw6,SUB22,0,130,130,q,final,2025-10-28 04:37:13.525007,1,,,2000.0,1,,1600.0,0,,16.0,[],10,8,10.0,,1761628848,10,7wa28fol,,,,,0
14,8yzby83o,SUB20,0,130,130,q,final,2025-10-28 04:37:13.551884,1,,,2620.0,1,,1580.0,4,,13.2,[],1,2,12.0,,1761628848,10,7wa28fol,,,,,0
15,vuiqa7x4,SUB23,0,130,130,q,final,2025-10-28 04:37:13.579949,1,,,1460.0,3,,1060.0,0,,17.2,[],6,7,12.0,,1761628848,10,7wa28fol,,,,,0
16,m3zfocuy,SUB13,0,130,130,q,final,2025-10-28 04:37:13.606711,1,,,2040.0,3,,1000.0,0,,10.0,[],10,1,0.0,,1761628848,10,7wa28fol,,,,,0
17,4cmmq666,SUB07,0,130,130,q,final,2025-10-28 04:37:13.631939,1,,,2267.0,2,,1000.0,0,,10.0,[],8,4,0.0,,1761628848,10,7wa28fol,,,,,0
18,ozghf93m,SUB06,0,130,130,q,final,2025-10-28 04:37:13.661130,1,,,980.0,1,,780.0,0,,10.0,[],3,3,0.0,,1761628848,10,7wa28fol,,,,,0
19,37sjrgfh,SUB24,0,130,130,q,final,2025-10-28 04:37:13.690041,1,,,1880.0,2,,1480.0,0,,10.0,[],8,3,0.0,,1761628848,10,7wa28fol,,,,,0
20,2f692ugv,SUB21,0,130,130,q,final,2025-10-28 04:37:13.717911,1,,,2520.0,3,,1480.0,0,,17.2,[],4,2,12.0,,1761628848,10,7wa28fol,,,,,0
21,9g4xodmv,SUB10,0,130,130,q,final,2025-10-28 04:37:13.745849,1,,,1280.0,1,,880.0,0,,10.0,[],1,1,0.0,,1761628848,10,7wa28fol,,,,,0
22,m9yslktc,SUB14,0,130,130,q,final,2025-10-28 04:37:13.772840,1,,,2520.0,3,,1480.0,0,,10.0,[],3,3,0.0,,1761628848,10,7wa28fol,,,,,0
23,bnmnbdwn,SUB11,0,130,130,q,final,2025-10-28 04:37:13.800389,1,,,2627.0,2,,1360.0,0,,16.0,[],1,8,10.0,,1761628848,10,7wa28fol,,,,,0
24,mawud0wr,SUB18,0,130,130,q,final,2025-10-28 04:37:13.826536,1,,,1760.0,2,,1400.0,8,,9.2,[],7,2,12.0,,1761628848,10,7wa28fol,,,,,0
